split,file,inst,kpt,x,y,old_v
train,AUV_5_gate-4_frame_000252_jpg.rf.cq1Sl4bHg6BAUYOHamU8.txt,0,TL,0.639535,0.33322875,1
train,AUV_5_gate-4_frame_000357_jpg.rf.XXHAgzeqay2xi79mtjJn.txt,3,BL,0.63327203125,0.6617646875000001,1
train,AUV_5_gate-4_frame_000364_jpg.rf.czAOS1UEV5vbtTC508Ix.txt,3,BL,0.625,0.6510417187499999,1
train,AUV_5_gate-4_frame_000372_jpg.rf.LlwxlT3KRRYUf9E1e2k8.txt,1,TR,0.78125,0.38151046875,1
train,AUV_5_gate-4_frame_000392_jpg.rf.wDVSM5grYshkVbGaoBe8.txt,1,TR,0.5130207812500001,0.42578125,1
train,AUV_5_gate-4_frame_000437_jpg.rf.QPlIglRkW5p4cuFQxCf5.txt,1,TR,0.6731770312500001,0.29166671875,1
train,AUV_5_gate-4_frame_000438_jpg.rf.QlGmQUsDun9Jc3hDachL.txt,1,TR,0.6783854687499999,0.27083328125,1
train,AUV_5_gate-4_frame_000441_jpg.rf.zk4ECIWUmzVk56SYg5lO.txt,0,TL,0.0703125,0.34505203125,1
train,AUV_5_gate-4_frame_000441_jpg.rf.zk4ECIWUmzVk56SYg5lO.txt,3,BL,0.11067703124999999,0.8828125,1
train,AUV_5_gate-4_frame_000452_jpg.rf.YmCveXszLHY8ID2euc4L.txt,2,BR,0.67003671875,0.54319859375,1
train,AUV_5_gate-4_frame_000463_jpg.rf.ucSkwsg8AJCfZcK4sLNr.txt,2,BR,0.6575520312500001,0.6848957812500001,1
train,AUV_5_gate-4_frame_000534_jpg.rf.dUsqHiSs1KJZCyPLjcXb.txt,0,TL,0.6341145312500001,0.265625,1
train,AUV_5_gate-4_frame_000542_jpg.rf.32QnXoCr5U7Sb1KYgzuB.txt,1,TR,0.82421875,0.25130203125,1
train,AUV_5_gate-5_frame_000100_jpg.rf.OYSF4Rk4bXVdHPsGfMBJ.txt,1,TR,0.6432292187499999,0.31119796875,1
train,AUV_5_gate-5_frame_000230_jpg.rf.cuAQvT7CdXSBxCIGvGC8.txt,0,TL,0.6341145312500001,0.26822921875,1
train,AUV_5_gate-5_frame_000236_jpg.rf.nK5ecFMepk9oWDl3vAAM.txt,0,TL,0.57421875,0.35546875,1
train,AUV_5_gate-5_frame_000487_jpg.rf.bcdVDkKTOTiMg7kyCBxy.txt,1,TR,0.8359375,0.36588546875,1
train,AUV_5_gate-5_frame_000487_jpg.rf.bcdVDkKTOTiMg7kyCBxy.txt,2,BR,0.8359375,0.6432292187499999,1
train,AUV_5_gate-5_frame_000490_jpg.rf.bvTGtwT86fEx6uj683dJ.txt,1,TR,0.86328125,0.36848953125,1
train,AUV_5_gate-5_frame_000490_jpg.rf.bvTGtwT86fEx6uj683dJ.txt,2,BR,0.8528645312500001,0.6419270312500001,1
train,AUV_5_gate-5_frame_000514_jpg.rf.eCQxzoTi8xyhqU1TuEtN.txt,1,TR,0.7799479687499999,0.33203125,1
train,AUV_5_gate-6_frame_000188_jpg.rf.GMnHPSNOJKFgZC1ejkJr.txt,0,TL,0.7122395312500001,0.3203125,1
train,AUV_5_gate-6_frame_000188_jpg.rf.GMnHPSNOJKFgZC1ejkJr.txt,3,BL,0.7330729687499999,0.5442707812500001,1
train,AUV_5_gate-6_frame_000207_jpg.rf.fFtrR1915c09RgXDvoKX.txt,0,TL,0.55078125,0.37239578125,1
train,AUV_5_gate-6_frame_000207_jpg.rf.fFtrR1915c09RgXDvoKX.txt,3,BL,0.5768229687499999,0.6080729687499999,1
train,AUV_5_gate-6_frame_000210_jpg.rf.AykFBV6YO3x7bv9kRA7f.txt,0,TL,0.5859342187500001,0.32862234375,1
train,AUV_5_gate-6_frame_000210_jpg.rf.AykFBV6YO3x7bv9kRA7f.txt,3,BL,0.606733125,0.55681578125,1
train,AUV_5_gate-6_frame_000212_jpg.rf.7Qkd6du5zHXvyLAZooOt.txt,0,TL,0.6119792187499999,0.3046875,1
train,AUV_5_gate-6_frame_000212_jpg.rf.7Qkd6du5zHXvyLAZooOt.txt,3,BL,0.62890625,0.53125,1
train,AUV_5_gate-6_frame_000213_jpg.rf.P7wGUkwKOktvVHnmN1rl.txt,0,TL,0.6236979687499999,0.29166671875,1
train,AUV_5_gate-6_frame_000213_jpg.rf.P7wGUkwKOktvVHnmN1rl.txt,3,BL,0.6393229687499999,0.5260417187499999,1
train,AUV_5_gate-6_frame_000220_jpg.rf.bHWGV1r6zfestSw9LIsl.txt,0,TL,0.6783854687499999,0.27213546875,1
train,AUV_5_gate-6_frame_000220_jpg.rf.bHWGV1r6zfestSw9LIsl.txt,3,BL,0.69140625,0.5169270312500001,1
train,AUV_5_gate-6_frame_000231_jpg.rf.XFPNs8nM8XxYTKUxrd8d.txt,0,TL,0.63786765625,0.3897059375,1
train,AUV_5_gate-6_frame_000231_jpg.rf.XFPNs8nM8XxYTKUxrd8d.txt,3,BL,0.651654375,0.629595625,1
train,AUV_5_gate-6_frame_000310_jpg.rf.BQsymcyFQcRweH4swNaZ.txt,1,TR,0.43098953125,0.36067703125,1
train,AUV_5_gate-6_frame_000311_jpg.rf.MhdYBvQLjcEgCxtOB5WD.txt,1,TR,0.41276046875,0.359375,1
train,AUV_5_gate-6_frame_000315_jpg.rf.dXnsTvA8umnLGW0cZoed.txt,1,TR,0.39713546875,0.375,1
train,AUV_5_gate-6_frame_000336_jpg.rf.btOEzQc2sXgjgfAHdNqP.txt,1,TR,0.5520832812500001,0.40364578125,1
train,AUV_5_gate-6_frame_000341_jpg.rf.c9k0viaXjk4mkyQNUibo.txt,1,TR,0.57421875,0.35807296875,1
train,AUV_5_gate-6_frame_000347_jpg.rf.bSkQQ0jzvokW8FEieOuW.txt,0,TL,0.41927078125,0.39583328125,1
train,AUV_5_gate-6_frame_000347_jpg.rf.bSkQQ0jzvokW8FEieOuW.txt,1,TR,0.5833332812500001,0.37890625,1
train,AUV_5_gate-6_frame_000353_jpg.rf.0YgSzbG76uQBl4pMsvKh.txt,0,TL,0.43880203125,0.46223953125,1
train,AUV_5_gate-6_frame_000367_jpg.rf.cNBCojOuXm91eJS7pHhk.txt,0,TL,0.43359375,0.39973953125,1
train,AUV_5_gate-6_frame_000367_jpg.rf.cNBCojOuXm91eJS7pHhk.txt,1,TR,0.5885417187499999,0.36197921875,1
train,AUV_5_gate-6_frame_000372_jpg.rf.H82Uz9EY8YU1LhZeXhmv.txt,1,TR,0.5833332812500001,0.29166671875,1
train,AUV_5_gate-6_frame_000393_jpg.rf.abnBOpuO62kWaQkcPVjO.txt,0,TL,0.375,0.48697921875,1
train,AUV_5_gate-6_frame_000401_jpg.rf.5Yfng7Pj5Sn0d4fE2bTY.txt,0,TL,0.40104171875,0.43229171875,1
train,AUV_5_gate-6_frame_000409_jpg.rf.Hfp8QyJvD1HwFMIo2Nm6.txt,0,TL,0.40364578125,0.39192703125,1
train,AUV_5_gate-6_frame_000411_jpg.rf.Wx7vYNt90R8XgYq2WNoa.txt,0,TL,0.40349265624999997,0.38235296875,1
train,AUV_5_gate-7_frame_000006_jpg.rf.6Z2Eo09UgZ7OJWV2RwYf.txt,2,BR,0.9544270312500001,0.6940104687499999,1
train,AUV_5_gate-7_frame_000170_jpg.rf.2xGn0HdvXRbLDjKPyVrA.txt,0,TL,0.13671875,0.29036453125,1
train,AUV_5_gate-7_frame_000170_jpg.rf.2xGn0HdvXRbLDjKPyVrA.txt,1,TR,0.33203125,0.34895828125,1
train,AUV_5_gate-7_frame_000329_jpg.rf.Kx5wBsrq4D6FdbbeSGgK.txt,1,TR,0.6119792187499999,0.39583328125,1
train,AUV_5_gate-7_frame_001034_jpg.rf.dCW6RvfT48nVDZtJnLK4.txt,1,TR,0.94140625,0.37630203125,1
valid,AUV_5_gate-5_frame_000351_jpg.rf.XMmtDLFMlLCYVJMtWzaT.txt,1,TR,0.7196690625,0.234375,1
valid,AUV_5_gate-6_frame_000227_jpg.rf.TdQHI7BLJRkNXnlPFwWu.txt,0,TL,0.6617646875000001,0.3538603125,1
valid,AUV_5_gate-6_frame_000227_jpg.rf.TdQHI7BLJRkNXnlPFwWu.txt,3,BL,0.66911765625,0.5992646875000001,1
test,AUV_5_gate-5_frame_000234_jpg.rf.U2nCPzOoXkRZOzhS1fui.txt,0,TL,0.58455875,0.332720625,1
test,AUV_5_gate-6_frame_000209_jpg.rf.qibYVxeeAfC6PdqjLW2P.txt,0,TL,0.57644890625,0.34250671875,1
test,AUV_5_gate-6_frame_000209_jpg.rf.qibYVxeeAfC6PdqjLW2P.txt,3,BL,0.59443703125,0.57176046875,1
test,AUV_5_gate-6_frame_000216_jpg.rf.iD7f36H4GQnspwtItXxY.txt,0,TL,0.6531346874999999,0.2667203125,1
test,AUV_5_gate-6_frame_000223_jpg.rf.kY0DzZR8oSoIeJhihyvk.txt,0,TL,0.681536875,0.3046134375,1
test,AUV_5_gate-6_frame_000223_jpg.rf.kY0DzZR8oSoIeJhihyvk.txt,3,BL,0.69479125,0.53860390625,1
