frame,t,phase,substate,action,mode,dl_surge,dl_sway,dl_heave,dl_yaw,dl_hdg_tgt,dl_hdg_dir,ul_tyaw,ul_tdep,ul_tpit,ul_trol,ul_ttel
0,946689312.412,ALIGN,,hold,,0.0,0.0,0.0,0.0,0.0,,-109.87,1.1,7.31,3.19,0
1,946689312.598,ALIGN,,hold,,0.0,0.0,0.0,0.0,0.0,,-109.71,1.1,7.3,3.02,0
2,946689312.761,ALIGN,,hold,,0.0,0.0,0.0,0.0,0.0,,-109.38,1.11,7.38,3.05,0
3,946689312.913,ALIGN,GOLDEN,center,full,0.0,0.55,0.357,0.0,0.0,,-109.36,1.11,7.52,3.24,0
4,946689313.043,ALIGN,GOLDEN,center,full,0.0,0.55,0.071,0.0,0.0,,-109.69,1.11,7.8,3.6,0
5,946689313.172,ALIGN,GOLDEN,center,full,0.0,0.55,0.078,0.0,0.0,,-110.06,1.11,7.58,3.38,0
6,946689313.296,ALIGN,GOLDEN,center,full,0.0,0.55,0.152,0.0,0.0,,-110.31,1.11,6.92,3.12,0
7,946689313.419,ALIGN,GOLDEN,center,full,0.0,0.55,0.135,0.0,0.0,,-110.37,1.11,6.15,2.79,0
8,946689313.548,ALIGN,GOLDEN,center,full,0.0,0.55,0.097,0.0,0.0,,-110.27,1.1,5.46,1.67,0
9,946689313.663,ALIGN,GOLDEN,center,full,0.0,0.55,0.082,0.0,0.0,,-110.44,1.09,5.6,1.12,0
10,946689313.808,ALIGN,GOLDEN,center,full,0.0,0.55,-0.004,0.0,0.0,,-110.87,1.09,5.9,0.72,0
11,946689313.946,ALIGN,GOLDEN,center,full,0.0,0.55,-0.0,0.0,0.0,,-111.68,1.09,6.35,0.17,0
12,946689314.092,ALIGN,GOLDEN,center,full,0.0,0.55,-0.0,0.0,0.0,,-111.9,1.08,6.5,-0.02,0
13,946689314.219,ALIGN,GOLDEN,center,full,0.0,0.55,-0.0,0.0,0.0,,-111.94,1.09,6.56,-0.2,0
14,946689314.343,ALIGN,GOLDEN,center,full,0.0,0.55,-0.0,0.0,0.0,,-111.58,1.1,6.53,-0.36,0
15,946689314.467,ALIGN,GOLDEN,center,full,0.0,0.55,0.086,0.0,0.0,,-111.41,1.1,6.46,-0.27,0
16,946689314.588,ALIGN,GOLDEN,center,full,0.0,0.55,0.065,0.0,0.0,,-111.38,1.1,6.36,-0.08,0
17,946689314.708,ALIGN,GOLDEN,hdg,full,0.0,0.0,0.0,0.0,0.0,右转,-111.51,1.11,6.27,0.16,0
18,946689314.832,APPROACH,,center,full,0.0,0.55,0.097,0.0,0.0,右转,-111.82,1.11,6.25,0.43,0
19,946689314.986,APPROACH,,forward_fast,full,0.3,0.55,0.051,0.0,0.0,右转,-112.39,1.12,6.5,1.06,0
20,946689315.136,APPROACH,,forward_fast,full,0.3,0.55,0.051,0.0,0.0,右转,-112.21,1.12,7.14,1.7,0
21,946689315.286,APPROACH,,forward_fast,full,0.3,0.55,-0.0,0.0,0.0,右转,-111.44,1.12,7.52,1.75,0
22,946689315.422,APPROACH,,forward_fast,full,0.3,0.55,0.118,0.0,0.0,右转,-110.54,1.12,8.15,1.72,0
23,946689315.572,APPROACH,,forward_fast,full,0.3,0.0,0.091,0.0,0.0,右转,-108.65,1.12,9.05,1.65,0
24,946689315.713,APPROACH,,forward_fast,full,0.3,0.0,0.182,0.0,0.0,右转,-107.94,1.12,8.99,1.56,0
25,946689315.852,APPROACH,,forward_fast,full,0.3,0.475,0.213,0.0,0.0,右转,-106.56,1.13,8.0,1.17,0
26,946689315.987,APPROACH,,forward_fast,full,0.3,0.55,0.296,0.0,0.0,右转,-105.77,1.13,6.87,0.94,0
27,946689316.125,APPROACH,,forward_fast,full,0.3,0.55,0.302,0.0,0.0,右转,-105.64,1.14,5.66,0.83,0
28,946689316.262,APPROACH,,forward_fast,full,0.3,0.55,0.247,0.0,0.0,右转,-107.17,1.13,4.3,0.56,0
29,946689316.398,APPROACH,,forward_fast,full,0.3,0.55,0.121,0.0,0.0,右转,-108.13,1.14,4.23,0.4,0
30,946689316.534,APPROACH,,forward_fast,full,0.3,0.55,-0.014,0.0,0.0,右转,-108.86,1.13,4.33,0.37,0
31,946689316.67,APPROACH,,forward_fast,full,0.3,0.55,-0.0,0.0,0.0,右转,-109.17,1.13,4.85,0.71,0
32,946689316.805,APPROACH,,forward_fast,full,0.3,0.55,-0.0,0.0,0.0,右转,-109.15,1.13,5.62,0.87,0
33,946689316.942,APPROACH,,forward_fast,full,0.3,0.481,-0.126,0.0,0.0,右转,-108.85,1.12,7.73,0.91,0
34,946689317.077,APPROACH,,forward_fast,full,0.3,0.0,-0.0,0.0,0.0,右转,-108.89,1.13,8.72,0.83,0
35,946689317.213,ALIGN,CREEP,creep,coarse,0.2,0.55,-0.051,0.0,0.0,右转,-109.46,1.13,9.85,0.9,0
36,946689317.345,ALIGN,GOLDEN,center,full,0.0,0.0,0.149,0.0,0.0,右转,-110.91,1.13,11.5,1.21,0
37,946689317.48,ALIGN,GOLDEN,center,full,0.0,0.0,0.175,0.0,0.0,右转,-111.21,1.14,12.09,1.16,0
38,946689317.617,ALIGN,GOLDEN,center,full,0.0,0.0,0.302,0.0,0.0,右转,-111.66,1.15,11.95,1.12,0
39,946689317.752,ALIGN,GOLDEN,center,full,0.0,0.0,0.429,0.0,0.0,右转,-111.43,1.17,8.77,0.99,0
40,946689317.887,ALIGN,HOLD,hold,width,0.0,-0.55,0.314,0.0,0.0,右转,-110.9,1.17,6.64,0.95,0
41,946689318.009,ALIGN,HOLD,hold,width,0.0,-0.55,0.354,0.0,0.0,右转,-110.38,1.17,5.09,0.74,0
42,946689318.132,ALIGN,HOLD,hold,width,0.0,-0.55,0.3,0.0,0.0,右转,-110.1,1.18,4.31,0.57,0
43,946689318.266,ALIGN,GOLDEN,center,full,0.0,-0.55,0.137,0.0,0.0,右转,-110.32,1.16,4.53,0.67,0
44,946689318.403,ALIGN,CREEP,creep,coarse,0.2,-0.55,-0.042,0.0,0.0,右转,-110.8,1.16,5.1,0.82,0
45,946689318.533,ALIGN,CREEP,creep,coarse,0.2,-0.479,-0.0,0.0,0.0,右转,-111.2,1.16,5.47,1.02,0
46,946689318.663,ALIGN,CREEP,creep,coarse,0.2,-0.521,-0.12,0.0,0.0,右转,-110.73,1.15,5.37,1.69,0
47,946689318.793,ALIGN,CREEP,creep,coarse,0.2,-0.55,-0.054,0.0,0.0,右转,-110.17,1.15,5.35,2.39,0
48,946689318.92,ALIGN,GOLDEN,center,full,0.0,-0.55,-0.019,0.0,0.0,右转,-110.11,1.15,5.95,3.54,0
49,946689319.056,ALIGN,GOLDEN,center,full,0.0,-0.55,-0.037,0.0,0.0,右转,-111.55,1.17,7.62,5.49,0
50,946689319.191,ALIGN,CREEP,creep,coarse,0.2,-0.412,-0.052,0.0,0.0,右转,-111.11,1.17,7.91,5.69,0
51,946689319.32,ALIGN,GOLDEN,center,full,0.0,-0.55,-0.062,0.0,0.0,右转,-110.2,1.18,8.04,5.78,0
52,946689319.456,ALIGN,GOLDEN,center,full,0.0,-0.55,0.157,0.0,0.0,右转,-106.86,1.19,7.37,5.84,0
53,946689319.588,ALIGN,HOLD,hold,width,0.0,-0.55,0.137,0.0,0.0,右转,-106.13,1.19,6.9,6.07,0
54,946689319.714,ALIGN,HOLD,hold,width,0.0,-0.55,0.092,0.0,0.0,右转,-106.38,1.19,6.49,6.57,0
55,946689319.839,ALIGN,HOLD,hold,width,0.0,0.0,0.063,0.0,0.0,右转,-107.25,1.19,6.17,7.32,0
56,946689319.965,ALIGN,HOLD,hold,width,0.0,0.55,-0.0,0.0,0.0,右转,-109.51,1.19,6.16,9.2,0
57,946689320.089,ALIGN,HOLD,hold,width,0.0,0.55,-0.0,0.0,0.0,右转,-110.31,1.19,6.44,9.67,0
58,946689320.214,ALIGN,HOLD,hold,width,0.0,0.55,-0.0,0.0,0.0,右转,-110.59,1.18,6.74,9.44,0
59,946689320.34,ALIGN,HOLD,hold,width,0.0,0.0,0.0,0.0,0.0,右转,-110.6,1.18,7.04,8.45,0
60,946689320.46,ALIGN,HOLD,hold,width,0.0,0.0,0.0,0.0,0.0,右转,-110.27,1.16,7.31,5.41,0
61,946689320.582,ALIGN,HOLD,hold,width,0.0,0.0,0.0,0.0,0.0,右转,-110.13,1.15,7.25,3.65,0
62,946689320.728,ALIGN,CREEP,creep,width,0.2,0.55,-0.0,0.0,0.0,右转,-110.08,1.15,7.16,2.08,0
63,946689320.864,ALIGN,HOLD,hold,width,0.0,0.55,-0.052,0.0,0.0,右转,-110.14,1.15,6.94,-0.27,0
64,946689320.998,ALIGN,HOLD,hold,width,0.0,0.55,-0.0,0.0,0.0,右转,-110.18,1.14,6.87,-0.93,0
65,946689321.121,ALIGN,HOLD,hold,width,0.0,0.55,-0.0,0.0,0.0,右转,-110.68,1.14,6.89,-1.25,0
66,946689321.243,ALIGN,HOLD,hold,width,0.0,0.0,0.0,0.0,0.0,右转,-111.16,1.15,6.27,-1.19,0
67,946689321.37,ALIGN,CREEP,creep,coarse,0.2,0.55,0.399,0.0,0.0,右转,-111.43,1.14,5.98,-0.93,0
68,946689321.5,ALIGN,CREEP,hold,coarse,0.0,0.0,0.0,0.0,0.0,右转,-111.7,1.15,5.89,-0.56,0
69,946689321.629,ALIGN,CREEP,creep,coarse,0.2,0.55,0.233,0.0,0.0,右转,-111.94,1.15,6.02,-0.09,0
70,946689321.758,ALIGN,CREEP,hold,coarse,0.0,0.0,0.0,0.0,0.0,右转,-112.95,1.15,7.27,1.23,0
71,946689321.887,ALIGN,CREEP,creep,coarse,0.2,0.55,0.166,0.0,0.0,右转,-113.25,1.14,8.22,1.69,0
72,946689322.017,ALIGN,CREEP,hold,coarse,0.0,0.0,0.0,0.0,0.0,右转,-113.46,1.15,8.93,2.1,0
73,946689322.146,ALIGN,CREEP,creep,coarse,0.2,0.55,0.209,0.0,0.0,右转,-113.29,1.15,9.64,2.53,0
74,946689322.274,ALIGN,CREEP,hold,coarse,0.0,0.0,0.0,0.0,0.0,右转,-112.63,1.16,9.35,2.52,0
75,946689322.407,ALIGN,CREEP,center,coarse,0.0,0.55,0.393,0.0,0.0,右转,-110.87,1.15,9.07,2.11,0
76,946689322.536,ALIGN,CREEP,hold,coarse,0.0,0.0,0.0,0.0,0.0,右转,-107.82,1.16,8.17,1.54,0
77,946689322.667,ALIGN,CREEP,center,coarse,0.0,0.55,0.433,0.0,0.0,右转,-107.62,1.16,7.33,1.54,0
78,946689322.798,ALIGN,CREEP,hold,coarse,0.0,0.0,0.0,0.0,0.0,右转,-107.72,1.17,6.49,1.67,0
79,946689322.929,ALIGN,CREEP,center,coarse,0.0,0.55,0.33,0.0,0.0,右转,-108.26,1.17,5.8,1.82,0
80,946689323.063,ALIGN,CREEP,hold,coarse,0.0,0.0,0.0,0.0,0.0,右转,-110.21,1.16,5.22,2.29,0
81,946689323.193,ALIGN,CREEP,center,coarse,0.0,0.55,0.198,0.0,0.0,右转,-111.13,1.16,5.55,2.5,0
82,946689323.324,ALIGN,CREEP,hold,coarse,0.0,0.0,0.0,0.0,0.0,右转,-111.93,1.16,6.07,2.71,0
83,946689323.454,ALIGN,CREEP,creep,coarse,0.2,0.55,0.095,0.0,0.0,右转,-111.7,1.16,6.76,2.69,0
84,946689323.585,ALIGN,CREEP,hold,coarse,0.0,0.0,0.0,0.0,0.0,右转,-111.26,1.16,6.97,2.57,0
85,946689323.717,ALIGN,CREEP,creep,coarse,0.2,0.55,0.177,0.0,0.0,右转,-111.28,1.16,7.66,2.47,0
86,946689323.846,ALIGN,CREEP,hold,coarse,0.0,0.0,0.0,0.0,0.0,右转,-112.0,1.16,8.71,2.65,0
87,946689323.972,ALIGN,CREEP,creep,coarse,0.2,0.55,0.256,0.0,0.0,右转,-112.34,1.17,9.26,2.82,0
88,946689324.104,ALIGN,CREEP,hold,coarse,0.0,0.0,0.0,0.0,0.0,右转,-112.45,1.16,9.17,2.92,0
89,946689324.231,ALIGN,CREEP,center,coarse,0.0,0.55,0.36,0.0,0.0,右转,-111.9,1.16,8.93,2.79,0
90,946689324.361,ALIGN,CREEP,hold,coarse,0.0,0.0,0.0,0.0,0.0,右转,-109.74,1.17,8.37,2.59,0
91,946689324.488,ALIGN,CREEP,center,coarse,0.0,0.55,0.417,0.0,0.0,右转,-108.54,1.18,7.68,2.61,0
92,946689324.612,ALIGN,CREEP,hold,coarse,0.0,0.0,0.0,0.0,0.0,右转,-107.64,1.17,6.96,2.88,0
93,946689324.745,ALIGN,CREEP,center,coarse,0.0,0.55,0.349,0.0,0.0,右转,-107.55,1.18,6.18,3.64,0
94,946689324.871,ALIGN,CREEP,center,coarse,0.0,0.55,0.281,0.0,0.0,右转,-108.67,1.18,6.22,4.4,0
95,946689324.991,ALIGN,CREEP,hold,coarse,0.0,0.0,0.0,0.0,0.0,右转,-110.15,1.18,6.4,5.09,0
96,946689325.119,ALIGN,CREEP,center,coarse,0.0,0.55,0.148,0.0,0.0,右转,-111.58,1.17,6.57,5.45,0
97,946689325.239,ALIGN,CREEP,creep,coarse,0.2,0.55,0.133,0.0,0.0,右转,-112.91,1.17,6.46,5.58,0
98,946689325.369,ALIGN,CREEP,hold,coarse,0.0,0.0,0.0,0.0,0.0,右转,-113.68,1.16,6.11,5.41,0
99,946689325.501,ALIGN,CREEP,creep,coarse,0.2,-0.55,0.344,0.0,0.0,右转,-113.23,1.16,6.74,5.06,0
100,946689325.626,ALIGN,CREEP,hold,coarse,0.0,0.0,0.0,0.0,0.0,右转,-112.51,1.17,7.53,4.65,0
101,946689325.781,ALIGN,HOLD,hold,coarse,0.0,-0.55,0.303,0.0,0.0,右转,-110.41,1.17,8.37,3.65,0
102,946689325.936,ALIGN,HOLD,hold,coarse,0.0,0.0,0.0,0.0,0.0,右转,-109.59,1.17,8.39,3.24,0
103,946689326.07,ALIGN,HOLD,hold,coarse,0.0,-0.55,0.349,0.0,0.0,右转,-108.7,1.17,7.7,3.0,0
104,946689326.199,ALIGN,HOLD,hold,coarse,0.0,0.0,0.0,0.0,0.0,右转,-108.68,1.18,7.25,3.44,0
105,946689326.346,ALIGN,HOLD,hold,coarse,0.0,-0.55,0.433,0.0,0.0,右转,-109.4,1.18,6.29,4.27,0
106,946689326.479,ALIGN,HOLD,hold,coarse,0.0,0.0,0.0,0.0,0.0,右转,-110.22,1.18,5.48,4.83,0
107,946689326.635,ALIGN,HOLD,hold,coarse,0.0,0.0,0.328,0.0,0.0,右转,-111.16,1.17,5.38,5.08,0
108,946689326.779,ALIGN,HOLD,hold,coarse,0.0,0.0,0.0,0.0,0.0,右转,-110.93,1.17,6.16,4.92,0
109,946689326.917,ALIGN,CREEP,creep,coarse,0.2,-0.55,0.241,0.0,0.0,右转,-110.74,1.17,6.92,4.69,0
110,946689327.048,ALIGN,CREEP,hold,coarse,0.0,0.0,0.0,0.0,0.0,右转,-110.21,1.16,7.58,4.28,0
111,946689327.18,ALIGN,CREEP,creep,coarse,0.2,-0.55,0.188,0.0,0.0,右转,-109.5,1.16,7.48,4.05,0
112,946689327.314,ALIGN,CREEP,hold,coarse,0.0,0.0,0.0,0.0,0.0,右转,-109.5,1.17,7.58,4.08,0
113,946689327.446,ALIGN,HOLD,hold,coarse,0.0,-0.55,0.388,0.0,0.0,右转,-109.36,1.18,6.86,4.49,0
114,946689327.575,ALIGN,HOLD,hold,coarse,0.0,0.0,0.0,0.0,0.0,右转,-109.23,1.18,6.56,4.5,0
115,946689327.704,ALIGN,HOLD,hold,coarse,0.0,-0.55,0.35,0.0,0.0,右转,-109.22,1.19,6.43,4.44,0
116,946689327.833,ALIGN,HOLD,hold,coarse,0.0,0.0,0.0,0.0,0.0,右转,-109.37,1.18,6.43,4.46,0
117,946689327.959,ALIGN,HOLD,hold,coarse,0.0,-0.55,0.295,0.0,0.0,右转,-109.87,1.18,6.64,4.3,0
118,946689328.088,ALIGN,HOLD,hold,coarse,0.0,0.0,0.0,0.0,0.0,右转,-110.16,1.18,6.75,4.17,0
119,946689328.218,ALIGN,CREEP,creep,coarse,0.2,-0.55,0.264,0.0,0.0,右转,-110.36,1.18,6.85,4.04,0
120,946689328.347,ALIGN,CREEP,hold,coarse,0.0,0.0,0.0,0.0,0.0,右转,-109.92,1.18,6.66,3.84,0
121,946689328.476,ALIGN,HOLD,hold,coarse,0.0,-0.55,0.306,0.0,0.0,右转,-109.18,1.17,6.48,3.77,0
122,946689328.606,ALIGN,HOLD,hold,coarse,0.0,0.0,0.0,0.0,0.0,右转,-109.6,1.18,6.75,4.16,0
123,946689328.731,ALIGN,HOLD,hold,coarse,0.0,-0.55,0.321,0.0,0.0,右转,-110.17,1.17,7.01,4.58,0
124,946689328.877,ALIGN,HOLD,hold,coarse,0.0,0.0,0.0,0.0,0.0,右转,-110.08,1.17,6.82,5.09,0
125,946689329.013,ALIGN,CREEP,creep,coarse,0.2,-0.432,0.264,0.0,0.0,右转,-109.89,1.17,6.61,5.17,0
126,946689329.146,ALIGN,CREEP,hold,coarse,0.0,0.0,0.0,0.0,0.0,右转,-109.93,1.17,6.6,5.06,0
127,946689329.272,ALIGN,HOLD,hold,coarse,0.0,-0.55,0.351,0.0,0.0,右转,-109.58,1.18,6.72,4.76,0
128,946689329.4,ALIGN,HOLD,hold,coarse,0.0,0.0,0.0,0.0,0.0,右转,-109.92,1.18,7.28,4.66,0
129,946689329.527,ALIGN,HOLD,hold,coarse,0.0,-0.55,0.272,0.0,0.0,右转,-110.43,1.18,7.87,4.58,0
130,946689329.659,ALIGN,HOLD,hold,coarse,0.0,0.0,0.0,0.0,0.0,右转,-109.81,1.17,7.6,3.99,0
131,946689329.786,ALIGN,HOLD,hold,coarse,0.0,-0.411,0.307,0.0,0.0,右转,-109.22,1.18,7.18,3.68,0
132,946689329.917,ALIGN,HOLD,hold,coarse,0.0,0.0,0.0,0.0,0.0,右转,-108.93,1.18,6.91,3.47,0
133,946689330.049,ALIGN,HOLD,hold,coarse,0.0,-0.55,0.432,0.0,0.0,右转,-108.18,1.18,6.03,3.37,0
134,946689330.189,ALIGN,HOLD,hold,coarse,0.0,0.0,0.0,0.0,0.0,右转,-108.24,1.18,5.96,3.43,0
135,946689330.319,ALIGN,HOLD,hold,coarse,0.0,0.0,0.279,0.0,0.0,右转,-108.77,1.19,6.29,3.65,0
136,946689330.446,ALIGN,HOLD,hold,coarse,0.0,0.0,0.0,0.0,0.0,右转,-110.77,1.18,7.61,4.45,0
137,946689330.578,ALIGN,CREEP,creep,coarse,0.2,0.0,0.227,0.0,0.0,右转,-111.49,1.18,8.22,4.7,0
138,946689330.712,ALIGN,CREEP,hold,coarse,0.0,0.0,0.0,0.0,0.0,右转,-111.68,1.19,8.47,4.68,0
139,946689330.839,ALIGN,CREEP,creep,coarse,0.2,0.0,0.303,0.0,0.0,右转,-109.77,1.2,7.67,3.78,0
140,946689330.967,ALIGN,CREEP,hold,coarse,0.0,0.0,0.0,0.0,0.0,右转,-109.09,1.2,7.04,3.44,0
141,946689331.096,ALIGN,HOLD,hold,coarse,0.0,-0.55,0.479,0.0,0.0,右转,-108.13,1.2,6.6,3.07,0
142,946689331.237,ALIGN,HOLD,hold,coarse,0.0,0.0,0.0,0.0,0.0,右转,-109.27,1.2,6.5,3.48,0
143,946689331.37,ALIGN,HOLD,hold,coarse,0.0,0.0,0.359,0.0,0.0,右转,-110.04,1.21,6.69,3.65,0
144,946689331.498,ALIGN,HOLD,hold,coarse,0.0,0.0,0.0,0.0,0.0,右转,-110.01,1.2,6.84,3.73,0
145,946689331.628,ALIGN,HOLD,hold,coarse,0.0,0.0,0.256,0.0,0.0,右转,-109.92,1.2,6.95,3.56,0
146,946689331.76,ALIGN,HOLD,hold,coarse,0.0,0.0,0.0,0.0,0.0,右转,-109.93,1.2,6.4,2.94,0
147,946689331.888,ALIGN,HOLD,hold,coarse,0.0,0.0,0.331,0.0,0.0,右转,-110.01,1.2,6.07,2.51,0
148,946689332.018,ALIGN,HOLD,hold,coarse,0.0,0.0,0.0,0.0,0.0,右转,-110.24,1.2,5.77,2.22,0
149,946689332.148,ALIGN,HOLD,hold,coarse,0.0,0.0,0.324,0.0,0.0,右转,-110.92,1.2,5.51,1.44,0
150,946689332.279,ALIGN,HOLD,hold,coarse,0.0,0.0,0.0,0.0,0.0,右转,-111.24,1.19,5.61,0.99,0
151,946689332.41,ALIGN,CREEP,creep,coarse,0.2,0.0,0.23,0.0,0.0,右转,-111.55,1.19,6.26,0.33,0
152,946689332.539,ALIGN,CREEP,hold,coarse,0.0,0.0,0.0,0.0,0.0,右转,-111.52,1.18,7.63,-0.97,0
153,946689332.689,ALIGN,CREEP,creep,coarse,0.2,-0.517,0.206,0.0,0.0,右转,-110.18,1.18,7.81,-1.85,0
154,946689332.821,ALIGN,CREEP,hold,coarse,0.0,0.0,0.0,0.0,0.0,右转,-109.16,1.18,7.69,-2.39,0
155,946689332.952,ALIGN,CREEP,creep,coarse,0.2,-0.55,0.32,0.0,0.0,右转,-109.53,1.17,7.0,-1.69,0
156,946689333.084,ALIGN,CREEP,hold,coarse,0.0,0.0,0.0,0.0,0.0,右转,-110.24,1.17,6.75,-0.99,0
157,946689333.211,ALIGN,HOLD,hold,coarse,0.0,0.0,0.372,0.0,0.0,右转,-110.83,1.17,6.42,-0.38,0
158,946689333.34,ALIGN,HOLD,hold,coarse,0.0,0.0,0.0,0.0,0.0,右转,-111.37,1.17,6.19,0.31,0
159,946689333.47,ALIGN,HOLD,hold,coarse,0.0,0.0,0.264,0.0,0.0,右转,-111.3,1.16,6.5,0.19,0
160,946689333.597,ALIGN,HOLD,hold,coarse,0.0,0.0,0.0,0.0,0.0,右转,-111.2,1.16,6.62,0.04,0
161,946689333.728,ALIGN,CREEP,creep,coarse,0.2,-0.459,0.235,0.0,0.0,右转,-110.96,1.17,6.4,-0.19,0
162,946689333.857,ALIGN,CREEP,hold,coarse,0.0,0.0,0.0,0.0,0.0,右转,-110.64,1.15,5.81,-0.76,0
163,946689333.987,ALIGN,CREEP,creep,coarse,0.2,-0.54,0.269,0.0,0.0,右转,-109.92,1.15,5.91,-1.06,0
164,946689334.115,ALIGN,CREEP,hold,coarse,0.0,0.0,0.0,0.0,0.0,右转,-109.17,1.15,6.08,-1.26,0
165,946689334.243,ALIGN,CREEP,creep,coarse,0.2,0.0,0.213,0.0,0.0,右转,-109.59,1.15,6.21,-0.71,0
166,946689334.371,ALIGN,CREEP,hold,coarse,0.0,0.0,0.0,0.0,0.0,右转,-109.92,1.15,6.15,-0.31,0
167,946689334.499,ALIGN,CREEP,creep,coarse,0.2,0.0,0.208,0.0,0.0,右转,-110.15,1.14,5.91,0.08,0
168,946689334.629,ALIGN,CREEP,hold,coarse,0.0,0.0,0.0,0.0,0.0,右转,-110.2,1.15,5.77,0.41,0
169,946689334.761,ALIGN,CREEP,creep,coarse,0.2,0.0,0.23,0.0,0.0,右转,-109.12,1.14,6.25,0.5,0
170,946689334.89,ALIGN,CREEP,hold,coarse,0.0,0.0,0.0,0.0,0.0,右转,-108.36,1.14,6.41,0.53,0
171,946689335.034,ALIGN,CREEP,creep,coarse,0.2,0.0,0.193,0.0,0.0,右转,-106.79,1.14,5.86,0.17,0
172,946689335.169,ALIGN,CREEP,hold,coarse,0.0,0.0,0.0,0.0,0.0,右转,-106.69,1.14,5.73,0.13,0
173,946689335.301,ALIGN,CREEP,creep,coarse,0.2,0.0,0.235,0.0,0.0,右转,-106.66,1.14,6.05,-0.02,0
174,946689335.426,ALIGN,CREEP,hold,coarse,0.0,0.0,0.0,0.0,0.0,右转,-106.74,1.13,6.51,-0.13,0
175,946689335.568,ALIGN,CREEP,creep,coarse,0.2,0.55,0.189,0.0,0.0,右转,-108.21,1.13,6.79,0.18,0
176,946689335.745,ALIGN,CREEP,hold,coarse,0.0,0.0,0.0,0.0,0.0,右转,-109.25,1.12,6.56,0.4,0
177,946689335.881,ALIGN,CREEP,creep,coarse,0.2,0.55,0.218,0.0,0.0,右转,-109.42,1.13,6.22,0.27,0
178,946689336.009,ALIGN,CREEP,hold,coarse,0.0,0.0,0.0,0.0,0.0,右转,-109.6,1.13,5.98,0.13,0
179,946689336.141,ALIGN,CREEP,center,coarse,0.0,0.55,0.21,0.0,0.0,右转,-109.34,1.12,5.8,-0.18,0
180,946689336.263,ALIGN,CREEP,hold,coarse,0.0,0.0,0.0,0.0,0.0,右转,-108.34,1.12,5.87,-0.73,0
181,946689336.389,ALIGN,CREEP,center,coarse,0.0,0.55,0.158,0.0,0.0,右转,-108.57,1.12,5.93,-0.64,0
182,946689336.516,ALIGN,CREEP,hold,coarse,0.0,0.0,0.0,0.0,0.0,右转,-109.05,1.12,5.88,-0.39,0
183,946689336.643,ALIGN,CREEP,center,coarse,0.0,0.55,0.156,0.0,0.0,右转,-110.52,1.12,5.98,0.31,0
184,946689336.771,ALIGN,CREEP,hold,coarse,0.0,0.0,0.0,0.0,0.0,右转,-111.13,1.12,6.03,0.67,0
185,946689336.899,ALIGN,CREEP,center,coarse,0.0,0.55,0.157,0.0,0.0,右转,-111.3,1.11,6.18,0.79,0
186,946689337.022,ALIGN,CREEP,hold,coarse,0.0,0.0,0.0,0.0,0.0,右转,-111.3,1.11,6.27,0.74,0
187,946689337.149,ALIGN,CREEP,center,coarse,0.0,0.55,0.149,0.0,0.0,右转,-111.29,1.11,6.5,0.51,0
188,946689337.277,ALIGN,CREEP,hold,coarse,0.0,0.0,0.0,0.0,0.0,右转,-111.32,1.1,6.69,0.43,0
189,946689337.403,ALIGN,CREEP,creep,coarse,0.2,0.55,0.17,0.0,0.0,右转,-111.24,1.1,6.92,0.29,0
190,946689337.533,ALIGN,CREEP,hold,coarse,0.0,0.0,0.0,0.0,0.0,右转,-111.13,1.1,7.02,0.12,0
191,946689337.66,ALIGN,CREEP,creep,coarse,0.2,0.55,0.179,0.0,0.0,右转,-109.64,1.1,6.27,-0.45,0
192,946689337.787,ALIGN,CREEP,hold,coarse,0.0,0.0,0.0,0.0,0.0,右转,-109.01,1.1,5.88,-0.58,0
193,946689337.914,ALIGN,CREEP,creep,coarse,0.2,0.55,0.216,0.0,0.0,右转,-108.68,1.09,5.71,-0.51,0
194,946689338.041,ALIGN,CREEP,hold,coarse,0.0,0.0,0.0,0.0,0.0,右转,-108.8,1.09,5.77,0.26,0
195,946689338.167,ALIGN,CREEP,center,coarse,0.0,0.55,0.142,0.0,0.0,右转,-108.92,1.09,6.32,0.74,0
196,946689338.292,ALIGN,CREEP,hold,coarse,0.0,0.0,0.0,0.0,0.0,右转,-109.31,1.09,6.8,1.32,0
197,946689338.422,ALIGN,HOLD,hold,coarse,0.0,0.55,0.107,0.0,0.0,右转,-109.81,1.08,7.04,1.71,0
198,946689338.551,ALIGN,HOLD,hold,coarse,0.0,0.0,0.0,0.0,0.0,右转,-111.23,1.08,6.72,2.02,0
199,946689338.677,ALIGN,HOLD,hold,coarse,0.0,0.55,0.15,0.0,0.0,右转,-111.85,1.08,6.27,2.15,0
200,946689338.802,ALIGN,HOLD,hold,coarse,0.0,0.0,0.0,0.0,0.0,右转,-112.4,1.08,5.76,2.3,0
201,946689338.942,ALIGN,CREEP,creep,coarse,0.2,0.55,0.192,0.0,0.0,右转,-112.93,1.08,4.84,2.41,0
202,946689339.075,ALIGN,CREEP,hold,coarse,0.0,0.0,0.0,0.0,0.0,右转,-112.93,1.07,4.52,2.54,0
203,946689339.206,ALIGN,CREEP,creep,coarse,0.2,0.55,0.097,0.0,0.0,右转,-111.95,1.07,4.28,2.48,0
204,946689339.341,ALIGN,CREEP,hold,coarse,0.0,0.0,0.0,0.0,0.0,右转,-110.81,1.08,4.02,3.31,0
205,946689339.506,ALIGN,CREEP,creep,coarse,0.2,0.55,0.004,0.0,0.0,右转,-110.26,1.08,4.12,3.63,0
206,946689339.651,ALIGN,CREEP,hold,coarse,0.0,0.0,0.0,0.0,0.0,右转,-111.15,1.07,4.43,3.84,0
207,946689339.785,ALIGN,CREEP,creep,coarse,0.2,0.55,-0.0,0.0,0.0,右转,-111.38,1.06,4.77,3.18,0
208,946689339.922,ALIGN,CREEP,hold,coarse,0.0,0.0,0.0,0.0,0.0,右转,-111.76,1.07,5.07,2.49,0
209,946689340.051,ALIGN,CREEP,creep,coarse,0.2,0.55,-0.0,0.0,0.0,右转,-112.97,1.06,5.81,1.25,0
210,946689340.182,ALIGN,CREEP,hold,coarse,0.0,0.0,0.0,0.0,0.0,右转,-113.62,1.07,5.87,0.76,0
211,946689340.31,ALIGN,CREEP,creep,coarse,0.2,0.55,-0.0,0.0,0.0,右转,-114.62,1.06,5.74,0.4,0
212,946689340.437,ALIGN,CREEP,hold,coarse,0.0,0.0,0.0,0.0,0.0,右转,-115.9,1.08,5.49,-0.26,0
213,946689340.569,ALIGN,CREEP,creep,coarse,0.2,0.55,0.127,0.0,0.0,右转,-116.26,1.08,5.34,-0.57,0
214,946689340.694,ALIGN,CREEP,hold,coarse,0.0,0.0,0.0,0.0,0.0,右转,-116.49,1.08,5.05,-0.73,0
215,946689340.832,ALIGN,CREEP,creep,coarse,0.2,0.55,0.095,0.0,0.0,右转,-116.36,1.08,4.66,-0.83,0
216,946689340.962,ALIGN,CREEP,hold,coarse,0.0,0.0,0.0,0.0,0.0,右转,-115.47,1.09,4.13,-1.18,0
217,946689341.09,ALIGN,CREEP,creep,coarse,0.2,0.55,0.08,0.0,0.0,右转,-113.79,1.09,4.46,-1.46,0
218,946689341.219,ALIGN,CREEP,hold,coarse,0.0,0.0,0.0,0.0,0.0,右转,-112.03,1.1,5.0,-1.59,0
219,946689341.354,ALIGN,CREEP,creep,coarse,0.2,0.55,0.017,0.0,0.0,右转,-109.02,1.1,5.26,-0.07,0
220,946689341.487,ALIGN,CREEP,hold,coarse,0.0,0.0,0.0,0.0,0.0,右转,-107.88,1.11,5.23,1.06,0
221,946689341.619,ALIGN,CREEP,creep,coarse,0.2,0.55,0.066,0.0,0.0,右转,-106.82,1.1,5.32,2.0,0
222,946689341.75,ALIGN,CREEP,hold,coarse,0.0,0.0,0.0,0.0,0.0,右转,-106.36,1.11,5.86,3.49,0
223,946689341.88,ALIGN,HOLD,hold,coarse,0.0,0.55,0.114,0.0,0.0,右转,-106.24,1.11,6.45,3.96,0
224,946689342.009,ALIGN,HOLD,hold,coarse,0.0,0.0,0.0,0.0,0.0,右转,-107.22,1.11,6.97,4.47,0
225,946689342.14,ALIGN,HOLD,hold,coarse,0.0,0.55,0.056,0.0,0.0,右转,-108.89,1.11,7.17,4.94,0
226,946689342.271,ALIGN,HOLD,hold,coarse,0.0,0.0,0.0,0.0,0.0,右转,-112.37,1.1,6.73,5.07,0
227,946689342.408,ALIGN,HOLD,hold,coarse,0.0,0.55,0.141,0.0,0.0,右转,-113.28,1.1,6.38,4.5,0
228,946689342.556,ALIGN,HOLD,hold,coarse,0.0,0.0,0.0,0.0,0.0,右转,-113.29,1.09,6.0,2.45,0
229,946689342.696,ALIGN,CREEP,creep,coarse,0.2,0.55,0.17,0.0,0.0,右转,-112.73,1.09,6.04,1.03,0
230,946689342.832,ALIGN,CREEP,hold,coarse,0.0,0.0,0.0,0.0,0.0,右转,-111.99,1.09,6.02,-0.24,0
231,946689342.964,ALIGN,CREEP,creep,coarse,0.2,0.55,0.104,0.0,0.0,右转,-109.31,1.07,5.93,-2.31,0
232,946689343.097,ALIGN,CREEP,hold,coarse,0.0,0.0,0.0,0.0,0.0,右转,-108.29,1.07,5.96,-2.85,0
233,946689343.227,ALIGN,CREEP,creep,coarse,0.2,0.55,0.123,0.0,0.0,右转,-107.99,1.07,6.0,-2.92,0
234,946689343.364,ALIGN,CREEP,hold,coarse,0.0,0.0,0.0,0.0,0.0,右转,-108.19,1.07,6.06,-2.16,0
235,946689343.501,ALIGN,HOLD,hold,coarse,0.0,0.55,0.139,0.0,0.0,右转,-107.8,1.07,5.76,-1.57,0
236,946689343.649,ALIGN,HOLD,hold,coarse,0.0,0.0,0.0,0.0,0.0,右转,-108.14,1.06,5.55,-0.06,0
237,946689343.819,ALIGN,HOLD,hold,coarse,0.0,0.55,0.139,0.0,0.0,右转,-108.56,1.06,5.6,0.85,0
238,946689343.958,ALIGN,HOLD,hold,coarse,0.0,0.0,0.0,0.0,0.0,右转,-109.13,1.06,6.53,2.57,0
239,946689344.095,ALIGN,HOLD,hold,coarse,0.0,0.55,0.069,0.0,0.0,右转,-109.61,1.06,7.15,3.31,0
240,946689344.232,ALIGN,HOLD,hold,coarse,0.0,0.0,0.0,0.0,0.0,右转,-110.11,1.06,7.74,3.96,0
241,946689344.368,ALIGN,HOLD,hold,coarse,0.0,0.55,0.056,0.0,0.0,右转,-111.73,1.06,7.64,4.69,0
242,946689344.492,ALIGN,HOLD,hold,coarse,0.0,0.0,0.0,0.0,0.0,右转,-111.99,1.07,7.18,4.46,0
243,946689344.625,ALIGN,CREEP,creep,coarse,0.2,0.55,0.186,0.0,0.0,右转,-111.72,1.07,6.67,3.87,0
244,946689344.756,ALIGN,CREEP,hold,coarse,0.0,0.0,0.0,0.0,0.0,右转,-110.22,1.07,5.82,2.67,0
245,946689344.889,ALIGN,CREEP,creep,coarse,0.2,0.55,0.191,0.0,0.0,右转,-108.66,1.08,5.75,2.37,0
246,946689345.031,ALIGN,CREEP,hold,coarse,0.0,0.0,0.0,0.0,0.0,右转,-107.71,1.09,5.91,2.46,0
247,946689345.167,ALIGN,CREEP,creep,coarse,0.2,0.55,0.06,0.0,0.0,右转,-106.69,1.09,6.18,2.81,0
248,946689345.301,ALIGN,CREEP,hold,coarse,0.0,0.0,0.0,0.0,0.0,右转,-106.95,1.08,6.33,3.17,0
249,946689345.431,ALIGN,HOLD,hold,coarse,0.0,0.55,0.061,0.0,0.0,右转,-107.42,1.08,6.67,3.54,0
250,946689345.563,ALIGN,HOLD,hold,coarse,0.0,0.0,0.0,0.0,0.0,右转,-109.28,1.08,7.56,4.36,0
251,946689345.692,ALIGN,HOLD,hold,coarse,0.0,0.55,0.101,0.0,0.0,右转,-110.35,1.08,7.65,4.57,0
252,946689345.826,ALIGN,HOLD,hold,coarse,0.0,0.0,0.0,0.0,0.0,右转,-111.06,1.09,7.48,4.43,0
253,946689345.965,ALIGN,HOLD,hold,coarse,0.0,0.55,0.169,0.0,0.0,右转,-111.43,1.09,6.88,3.32,0
254,946689346.1,ALIGN,HOLD,hold,coarse,0.0,0.0,0.0,0.0,0.0,右转,-111.32,1.1,6.63,2.64,0
255,946689346.23,ALIGN,CREEP,creep,coarse,0.2,0.55,0.203,0.0,0.0,右转,-110.99,1.1,6.59,2.12,0
256,946689346.372,ALIGN,CREEP,hold,coarse,0.0,0.0,0.0,0.0,0.0,右转,-110.15,1.11,6.63,1.67,0
257,946689346.502,ALIGN,CREEP,creep,coarse,0.2,0.55,0.137,0.0,0.0,右转,-110.05,1.11,6.51,1.76,0
258,946689346.633,ALIGN,CREEP,hold,coarse,0.0,0.0,0.0,0.0,0.0,右转,-110.49,1.12,6.33,2.15,0
259,946689346.764,ALIGN,CREEP,creep,coarse,0.2,0.55,0.151,0.0,0.0,右转,-111.71,1.12,6.94,2.97,0
260,946689346.894,ALIGN,CREEP,hold,coarse,0.0,0.0,0.0,0.0,0.0,右转,-112.12,1.13,7.44,3.34,0
261,946689347.028,ALIGN,CREEP,creep,coarse,0.2,0.55,0.149,0.0,0.0,右转,-111.28,1.13,7.71,3.35,0
262,946689347.161,ALIGN,CREEP,hold,coarse,0.0,0.0,0.0,0.0,0.0,右转,-108.71,1.13,7.41,3.19,0
263,946689347.289,ALIGN,CREEP,creep,coarse,0.2,0.55,0.213,0.0,0.0,右转,-107.48,1.14,6.78,3.04,0
264,946689347.418,ALIGN,CREEP,hold,coarse,0.0,0.0,0.0,0.0,0.0,右转,-106.92,1.14,6.21,3.05,0
265,946689347.55,ALIGN,CREEP,creep,coarse,0.2,0.55,0.269,0.0,0.0,右转,-105.38,1.13,5.87,2.68,0
266,946689347.681,ALIGN,CREEP,hold,coarse,0.0,0.0,0.0,0.0,0.0,右转,-105.52,1.13,5.86,2.82,0
267,946689347.814,ALIGN,CREEP,creep,coarse,0.2,0.55,0.129,0.0,0.0,右转,-105.62,1.13,5.92,2.94,0
268,946689347.946,ALIGN,CREEP,hold,coarse,0.0,0.0,0.0,0.0,0.0,右转,-107.33,1.13,6.37,3.48,0
269,946689348.074,ALIGN,HOLD,hold,coarse,0.0,0.55,0.086,0.0,0.0,右转,-108.82,1.12,6.94,3.77,0
270,946689348.209,ALIGN,HOLD,hold,coarse,0.0,0.0,0.0,0.0,0.0,右转,-110.27,1.13,7.41,4.09,0
271,946689348.34,ALIGN,HOLD,hold,coarse,0.0,0.55,0.114,0.0,0.0,右转,-111.52,1.13,7.65,4.22,0
272,946689348.465,ALIGN,HOLD,hold,coarse,0.0,0.0,0.0,0.0,0.0,右转,-112.59,1.14,7.49,3.68,0
273,946689348.589,ALIGN,CREEP,creep,coarse,0.2,0.55,0.222,0.0,0.0,右转,-112.36,1.14,7.17,3.26,0
274,946689348.712,ALIGN,CREEP,creep,coarse,0.2,0.55,0.262,0.0,0.0,右转,-111.78,1.14,6.78,3.0,0
275,946689348.834,ALIGN,CREEP,creep,coarse,0.2,0.55,0.249,0.0,0.0,右转,-110.51,1.14,6.35,2.78,0
276,946689348.956,ALIGN,CREEP,creep,coarse,0.2,0.55,0.22,0.0,0.0,右转,-106.76,1.15,5.93,2.73,0
277,946689349.083,ALIGN,CREEP,hold,coarse,0.0,0.0,0.0,0.0,0.0,右转,-105.52,1.15,5.95,2.98,0
278,946689349.211,ALIGN,CREEP,creep,coarse,0.2,0.55,0.156,0.0,0.0,右转,-105.0,1.15,6.22,3.31,0
279,946689349.337,ALIGN,CREEP,hold,coarse,0.0,0.0,0.0,0.0,0.0,右转,-105.6,1.15,6.84,3.83,0
280,946689349.462,ALIGN,CREEP,creep,coarse,0.2,0.55,0.12,0.0,0.0,右转,-109.16,1.14,8.95,5.52,0
281,946689349.588,ALIGN,CREEP,hold,coarse,0.0,0.0,0.0,0.0,0.0,右转,-111.32,1.14,9.41,6.59,0
282,946689349.71,ALIGN,HOLD,hold,coarse,0.0,0.55,0.161,0.0,0.0,右转,-113.29,1.14,9.31,7.24,0
283,946689349.835,ALIGN,HOLD,hold,coarse,0.0,0.0,0.0,0.0,0.0,右转,-113.91,1.15,8.61,7.38,0
284,946689349.958,ALIGN,HOLD,hold,coarse,0.0,0.55,0.426,0.0,0.0,右转,-111.03,1.16,5.98,6.89,0
285,946689350.083,ALIGN,HOLD,hold,coarse,0.0,0.0,0.0,0.0,0.0,右转,-109.71,1.16,5.36,6.77,0
286,946689350.211,ALIGN,HOLD,hold,coarse,0.0,0.464,0.403,0.0,0.0,右转,-109.11,1.17,5.37,7.09,0
287,946689350.341,ALIGN,HOLD,hold,coarse,0.0,0.0,0.0,0.0,0.0,右转,-109.35,1.16,6.79,8.3,0
288,946689350.473,ALIGN,CREEP,creep,coarse,0.2,0.55,0.063,0.0,0.0,右转,-109.86,1.16,7.47,9.15,0
289,946689350.608,ALIGN,CREEP,hold,coarse,0.0,0.0,0.0,0.0,0.0,右转,-110.14,1.16,7.76,9.58,0
290,946689350.737,ALIGN,CREEP,creep,coarse,0.2,0.55,0.135,0.0,0.0,右转,-111.19,1.17,7.52,9.0,0
291,946689350.871,ALIGN,CREEP,hold,coarse,0.0,0.0,0.0,0.0,0.0,右转,-110.68,1.17,6.95,8.17,0
292,946689350.989,ALIGN,CREEP,hold,coarse,0.0,0.0,0.0,0.0,0.0,右转,-110.69,1.17,6.76,7.45,0
293,946689351.111,ALIGN,CREEP,hold,coarse,0.0,0.0,0.0,0.0,0.0,右转,-110.85,1.18,6.71,6.92,0
294,946689351.237,ALIGN,CREEP,creep,coarse,0.2,0.55,0.298,0.0,0.0,右转,-110.89,1.19,6.53,6.57,0
295,946689351.364,ALIGN,CREEP,hold,coarse,0.0,0.0,0.0,0.0,0.0,右转,-110.39,1.18,6.16,6.68,0
296,946689351.491,ALIGN,CREEP,creep,coarse,0.2,0.55,0.222,0.0,0.0,右转,-108.64,1.18,6.14,6.59,0
297,946689351.619,ALIGN,CREEP,hold,coarse,0.0,0.0,0.0,0.0,0.0,右转,-108.39,1.17,6.05,6.74,0
298,946689351.748,ALIGN,CREEP,creep,coarse,0.2,0.471,0.216,0.0,0.0,右转,-109.75,1.16,5.93,6.65,0
299,946689351.878,ALIGN,CREEP,hold,coarse,0.0,0.0,0.0,0.0,0.0,右转,-110.39,1.15,5.92,6.39,0
300,946689352.005,ALIGN,CREEP,creep,coarse,0.2,0.55,0.158,0.0,0.0,右转,-110.39,1.15,5.99,6.01,0
301,946689352.129,ALIGN,CREEP,hold,coarse,0.0,0.0,0.0,0.0,0.0,右转,-110.69,1.14,5.93,5.63,0
302,946689352.255,ALIGN,CREEP,creep,coarse,0.2,0.55,0.162,0.0,0.0,右转,-111.34,1.14,5.65,5.26,0
303,946689352.382,ALIGN,CREEP,hold,coarse,0.0,0.0,0.0,0.0,0.0,右转,-111.36,1.13,5.68,4.86,0
304,946689352.508,ALIGN,CREEP,creep,coarse,0.2,0.0,0.154,0.0,0.0,右转,-111.25,1.13,5.86,4.31,0
305,946689352.631,ALIGN,CREEP,creep,width,0.2,0.0,0.049,0.0,0.0,右转,-111.15,1.13,6.17,3.76,0
306,946689352.753,ALIGN,CREEP,hold,width,0.0,0.0,0.0,0.0,0.0,右转,-111.2,1.12,6.62,3.04,0
307,946689352.873,ALIGN,CREEP,hold,width,0.0,0.0,0.0,0.0,0.0,右转,-112.03,1.12,7.03,2.93,0
308,946689353.001,ALIGN,CREEP,hold,width,0.0,0.0,0.0,0.0,0.0,右转,-112.49,1.12,7.43,2.82,0
309,946689353.129,ALIGN,CREEP,hold,width,0.0,0.0,0.0,0.0,0.0,右转,-112.56,1.11,7.69,2.7,0
310,946689353.246,ALIGN,CREEP,hold,width,0.0,0.0,0.0,0.0,0.0,右转,-112.35,1.11,7.85,2.48,0
311,946689353.363,ALIGN,CREEP,hold,width,0.0,0.0,0.0,0.0,0.0,右转,-111.41,1.11,7.84,1.66,0
312,946689353.483,ALIGN,CREEP,hold,width,0.0,0.0,0.0,0.0,0.0,右转,-110.75,1.12,7.64,1.07,0
313,946689353.61,ALIGN,CREEP,hold,width,0.0,0.0,0.0,0.0,0.0,右转,-110.09,1.11,7.4,0.48,0
314,946689353.729,ALIGN,CREEP,hold,width,0.0,0.0,0.0,0.0,0.0,右转,-109.46,1.12,7.15,-0.05,0
315,946689353.848,ALIGN,CREEP,creep,width,0.2,0.0,0.205,0.0,0.0,右转,-108.83,1.12,6.68,-0.73,0
316,946689353.969,ALIGN,CREEP,creep,width,0.2,0.0,0.176,0.0,0.0,右转,-108.89,1.11,6.55,-0.88,0
317,946689354.094,APPROACH,,creep,width,0.2,0.0,0.162,0.0,0.0,右转,-109.4,1.11,6.57,-0.79,0
318,946689354.216,APPROACH,,center,width,0.0,0.471,0.104,0.0,0.0,右转,-109.98,1.12,6.77,-0.65,0
319,946689354.336,APPROACH,,center,width,0.0,0.46,0.087,0.0,0.0,右转,-110.61,1.12,7.04,-0.47,0
320,946689354.456,APPROACH,,center,width,0.0,0.46,0.159,0.0,0.0,右转,-111.86,1.11,7.74,-0.03,0
321,946689354.58,APPROACH,,center,width,0.0,0.0,0.108,0.0,0.0,右转,-111.98,1.11,7.95,0.05,0
322,946689354.703,APPROACH,,center,width,0.0,0.0,0.158,0.0,0.0,右转,-111.7,1.11,8.25,0.1,0
323,946689354.822,APPROACH,,center,width,0.0,0.0,0.18,0.0,0.0,右转,-111.27,1.12,8.41,0.16,0
324,946689354.941,APPROACH,,center,width,0.0,0.0,0.226,0.0,0.0,右转,-110.76,1.11,8.47,0.2,0
325,946689355.06,APPROACH,,center,width,0.0,-0.425,0.194,0.0,0.0,右转,-110.23,1.11,8.61,0.59,0
326,946689355.183,APPROACH,,center,width,0.0,0.0,0.255,0.0,0.0,右转,-110.26,1.12,8.46,0.97,0
327,946689355.303,APPROACH,,center,width,0.0,0.0,0.235,0.0,0.0,右转,-110.27,1.12,8.16,1.42,0
328,946689355.423,APPROACH,,center,width,0.0,0.0,0.226,0.0,0.0,右转,-110.49,1.12,7.63,1.94,0
329,946689355.543,APPROACH,,center,width,0.0,0.0,0.217,0.0,0.0,右转,-110.61,1.11,7.1,2.38,0
330,946689355.665,APPROACH,,center,width,0.0,0.0,0.225,0.0,0.0,右转,-110.77,1.12,6.32,3.05,0
331,946689355.79,APPROACH,,center,width,0.0,0.0,0.199,0.0,0.0,右转,-110.87,1.12,6.06,3.3,0
332,946689355.907,APPROACH,,center,width,0.0,0.0,0.105,0.0,0.0,右转,-110.94,1.12,5.82,3.45,0
333,946689356.025,APPROACH,,center,width,0.0,0.0,0.067,0.0,0.0,右转,-110.89,1.11,5.66,3.53,0
334,946689356.143,APPROACH,,center,width,0.0,0.0,0.053,0.0,0.0,右转,-110.53,1.11,5.59,3.53,0
335,946689356.269,APPROACH,,center,width,0.0,-0.494,0.034,0.0,0.0,右转,-110.18,1.11,5.95,3.24,0
336,946689356.399,APPROACH,,center,width,0.0,-0.55,0.026,0.0,0.0,右转,-110.17,1.11,6.25,2.9,0
337,946689356.519,APPROACH,,center,width,0.0,-0.483,0.082,0.0,0.0,右转,-110.23,1.11,6.54,2.39,0
338,946689356.64,APPROACH,,center,width,0.0,0.0,0.143,0.0,0.0,右转,-110.32,1.1,6.8,1.73,0
339,946689356.762,APPROACH,,center,width,0.0,0.0,0.086,0.0,0.0,右转,-110.58,1.11,7.18,0.31,0
340,946689356.881,APPROACH,,backward_slow,width,-0.2,0.0,0.0,0.0,0.0,右转,-110.74,1.11,7.34,-0.17,0
341,946689357.001,APPROACH,,center,width,0.0,0.0,0.172,0.0,0.0,右转,-110.94,1.1,7.49,-0.48,0
342,946689357.128,APPROACH,,center,width,0.0,0.0,0.063,0.0,0.0,右转,-111.11,1.11,7.62,-0.65,0
343,946689357.249,APPROACH,,center,width,0.0,0.0,0.146,0.0,0.0,右转,-111.53,1.11,7.82,-0.79,0
344,946689357.373,APPROACH,,center,width,0.0,0.0,0.133,0.0,0.0,右转,-111.76,1.11,7.99,-0.75,0
345,946689357.494,APPROACH,,center,width,0.0,0.0,0.178,0.0,0.0,右转,-111.92,1.11,8.13,-0.58,0
346,946689357.614,APPROACH,,center,width,0.0,0.0,0.153,0.0,0.0,右转,-112.07,1.11,8.3,-0.35,0
347,946689357.736,APPROACH,,center,width,0.0,0.0,0.158,0.0,0.0,右转,-112.22,1.11,8.46,-0.04,0
348,946689357.856,APPROACH,,center,width,0.0,-0.541,0.207,0.0,0.0,右转,-112.37,1.12,8.68,0.61,0
349,946689357.976,APPROACH,,center,width,0.0,-0.55,0.215,0.0,0.0,右转,-112.25,1.11,8.66,0.91,0
350,946689358.096,APPROACH,,center,width,0.0,-0.55,0.229,0.0,0.0,右转,-111.94,1.11,8.46,1.19,0
351,946689358.22,APPROACH,,center,width,0.0,-0.53,0.225,0.0,0.0,右转,-111.53,1.12,8.1,1.47,0
352,946689358.342,APPROACH,,center,width,0.0,-0.55,0.232,0.0,0.0,右转,-110.88,1.11,7.68,1.66,0
353,946689358.463,APPROACH,,center,width,0.0,-0.55,0.239,0.0,0.0,右转,-109.3,1.12,6.96,2.03,0
354,946689358.588,APPROACH,,center,width,0.0,-0.409,0.197,0.0,0.0,右转,-108.75,1.11,6.71,2.34,0
355,946689358.721,APPROACH,,center,width,0.0,0.0,0.159,0.0,0.0,右转,-108.51,1.12,6.53,2.78,0
356,946689358.847,APPROACH,,center,width,0.0,0.0,0.14,0.0,0.0,右转,-108.75,1.12,6.61,4.08,0
357,946689358.982,APPROACH,,center,width,0.0,0.0,0.096,0.0,0.0,右转,-109.41,1.11,6.98,4.69,0
358,946689359.103,APPROACH,,center,width,0.0,0.0,0.062,0.0,0.0,右转,-110.01,1.11,7.31,5.01,0
359,946689359.222,APPROACH,,center,width,0.0,0.0,0.101,0.0,0.0,右转,-110.45,1.11,7.53,4.95,0
360,946689359.342,APPROACH,,center,width,0.0,0.0,0.101,0.0,0.0,右转,-110.65,1.1,7.62,4.55,0
361,946689359.463,APPROACH,,center,width,0.0,0.0,0.176,0.0,0.0,右转,-110.28,1.11,7.32,3.42,0
362,946689359.587,APPROACH,,center,width,0.0,0.0,0.328,0.0,0.0,右转,-109.88,1.11,7.02,2.82,0
363,946689359.709,APPROACH,,center,width,0.0,0.0,0.343,0.0,0.0,右转,-109.21,1.11,6.57,2.32,0
364,946689359.834,APPROACH,,center,width,0.0,0.0,0.09,0.0,0.0,右转,-108.55,1.11,6.16,1.88,0
365,946689359.96,APPROACH,,center,width,0.0,0.0,0.091,0.0,0.0,右转,-108.7,1.11,5.99,1.65,0
366,946689360.086,APPROACH,,center,width,0.0,0.0,0.073,0.0,0.0,右转,-108.72,1.1,5.91,1.92,0
367,946689360.216,APPROACH,,center,width,0.0,0.472,-0.022,0.0,0.0,右转,-108.78,1.1,5.85,2.36,0
368,946689360.338,APPROACH,,center,width,0.0,0.55,-0.0,0.0,0.0,右转,-108.97,1.09,5.93,2.91,0
369,946689360.458,APPROACH,,center,width,0.0,0.454,0.216,0.0,0.0,右转,-109.89,1.09,7.09,3.37,0
370,946689360.578,APPROACH,,hold,width,0.0,0.0,0.0,0.0,0.0,右转,-110.41,1.09,7.77,3.15,0
371,946689360.705,APPROACH,,hold,width,0.0,0.0,0.0,0.0,0.0,右转,-110.89,1.09,8.24,2.88,0
372,946689360.861,APPROACH,,hold,width,0.0,0.0,0.0,0.0,0.0,右转,-110.83,1.09,8.41,2.2,0
373,946689361.001,APPROACH,,hold,width,0.0,0.0,0.0,0.0,0.0,右转,-110.35,1.08,8.31,1.77,0
374,946689361.128,APPROACH,,hold,width,0.0,0.0,0.0,0.0,0.0,右转,-109.88,1.09,8.08,1.35,0
375,946689361.255,APPROACH,,hold,width,0.0,0.0,0.0,0.0,0.0,右转,-109.15,1.09,7.61,0.52,0
376,946689361.384,APPROACH,,hold,width,0.0,0.0,0.0,0.0,0.0,右转,-109.0,1.1,7.35,0.19,0
377,946689361.511,APPROACH,,hold,width,0.0,0.0,0.0,0.0,0.0,右转,-108.93,1.09,7.07,-0.02,0
378,946689361.639,APPROACH,,hold,width,0.0,0.0,0.0,0.0,0.0,右转,-109.24,1.09,6.77,-0.13,0
379,946689361.769,APPROACH,,hold,width,0.0,0.0,0.0,0.0,0.0,右转,-109.43,1.09,6.83,-0.12,0
380,946689361.895,APPROACH,,hold,width,0.0,0.0,0.0,0.0,0.0,右转,-109.62,1.09,7.07,-0.11,0
381,946689362.026,APPROACH,,hold,width,0.0,0.0,0.0,0.0,0.0,右转,-109.78,1.09,7.39,-0.12,0
382,946689362.157,APPROACH,,hold,width,0.0,0.0,0.0,0.0,0.0,右转,-109.9,1.09,8.0,-0.25,0
383,946689362.287,APPROACH,,hold,width,0.0,0.0,0.0,0.0,0.0,右转,-109.9,1.09,8.16,-0.34,0
384,946689362.415,APPROACH,,hold,width,0.0,0.0,0.0,0.0,0.0,右转,-110.0,1.09,8.28,-0.37,0
