frame,t,phase,substate,action,mode,z,ratio,k,dx,dy,hdg,hdg_i,kpt,kpt_raw,surge,sway,heave,yaw
0,946689312.412,ALIGN,,hold,,0.0,0.15,,0.0,0.0,None,0,0,4,0.0,0.0,0.0,0.0
1,946689312.598,ALIGN,,hold,,0.0,0.155,,0.0,0.0,None,0,0,4,0.0,0.0,0.0,0.0
2,946689312.761,ALIGN,,hold,,0.0,0.156,,0.0,0.0,None,0,0,4,0.0,0.0,0.0,0.0
3,946689312.913,ALIGN,GOLDEN,center,full,1.78,0.373,0.6639,0.236,-0.089,-29.7,0,4,4,0.0,0.55,0.357,0.0
4,946689313.043,ALIGN,GOLDEN,center,full,1.827,0.372,0.6796,0.23,-0.081,-31.8,0,4,4,0.0,0.55,0.071,0.0
5,946689313.172,ALIGN,GOLDEN,center,full,1.799,0.359,0.6458,0.181,-0.079,-5.3,0,4,4,0.0,0.55,0.078,0.0
6,946689313.296,ALIGN,GOLDEN,center,full,1.776,0.366,0.6500,0.185,-0.112,12.3,0,4,4,0.0,0.55,0.152,0.0
7,946689313.419,ALIGN,GOLDEN,center,full,1.823,0.36,0.6563,0.187,-0.122,22.1,0,4,4,0.0,0.55,0.135,0.0
8,946689313.548,ALIGN,GOLDEN,center,full,1.823,0.362,0.6599,0.177,-0.11,25.7,0,4,4,0.0,0.55,0.097,0.0
9,946689313.663,ALIGN,GOLDEN,center,full,1.812,0.362,0.6559,0.165,-0.098,33.9,0,4,4,0.0,0.55,0.082,0.0
10,946689313.808,ALIGN,GOLDEN,center,full,1.847,0.354,0.6538,0.147,-0.048,42.5,0,4,4,0.0,0.55,-0.004,0.0
11,946689313.946,ALIGN,GOLDEN,center,full,1.807,0.362,0.6541,0.225,0.023,8.9,0,4,4,0.0,0.55,-0.0,0.0
12,946689314.092,ALIGN,GOLDEN,center,full,1.805,0.366,0.6606,0.167,0.028,19.0,0,4,4,0.0,0.55,-0.0,0.0
13,946689314.219,ALIGN,GOLDEN,center,full,1.868,0.364,0.6800,0.188,0.028,-2.4,0,4,4,0.0,0.55,-0.0,0.0
14,946689314.343,ALIGN,GOLDEN,center,full,1.823,0.351,0.6399,0.12,-0.008,21.9,0,4,4,0.0,0.55,-0.0,0.0
15,946689314.467,ALIGN,GOLDEN,center,full,1.69,0.351,0.5932,0.108,-0.044,27.5,0,4,4,0.0,0.55,0.086,0.0
16,946689314.588,ALIGN,GOLDEN,center,full,1.768,0.347,0.6135,0.09,-0.053,31.4,0,4,4,0.0,0.55,0.065,0.0
17,946689314.708,ALIGN,GOLDEN,hdg,full,1.798,0.346,0.6221,0.149,-0.036,5.0,0,4,4,0.0,0.0,0.0,0.0
18,946689314.832,APPROACH,,center,full,1.829,0.349,0.6383,0.129,-0.064,-17.6,0,4,4,0.0,0.55,0.097,0.0
19,946689314.986,APPROACH,,forward_fast,full,1.783,0.354,0.6312,0.143,-0.058,-26.6,0,4,4,0.3,0.55,0.051,0.0
20,946689315.136,APPROACH,,forward_fast,full,1.797,0.349,0.6272,0.149,-0.054,-29.9,0,4,4,0.3,0.55,0.051,0.0
21,946689315.286,APPROACH,,forward_fast,full,1.958,0.352,0.6892,0.088,-0.027,-12.4,0,4,4,0.3,0.55,-0.0,0.0
22,946689315.422,APPROACH,,forward_fast,full,1.836,0.355,0.6518,0.072,-0.07,7.0,0,4,4,0.3,0.55,0.118,0.0
23,946689315.572,APPROACH,,forward_fast,full,1.834,0.345,0.6327,0.032,-0.081,18.3,0,4,4,0.3,0.0,0.091,0.0
24,946689315.713,APPROACH,,forward_fast,full,1.719,0.346,0.5948,0.037,-0.13,19.4,0,4,4,0.3,0.0,0.182,0.0
25,946689315.852,APPROACH,,forward_fast,full,1.861,0.35,0.6513,0.058,-0.17,27.2,0,4,4,0.3,0.475,0.213,0.0
26,946689315.987,APPROACH,,forward_fast,full,1.736,0.357,0.6198,0.076,-0.23,30.2,0,4,4,0.3,0.55,0.296,0.0
27,946689316.125,APPROACH,,forward_fast,full,1.745,0.355,0.6195,0.126,-0.264,27.1,0,4,4,0.3,0.55,0.302,0.0
28,946689316.262,APPROACH,,forward_fast,full,1.759,0.359,0.6315,0.117,-0.256,31.3,0,4,4,0.3,0.55,0.247,0.0
29,946689316.398,APPROACH,,forward_fast,full,1.761,0.366,0.6445,0.199,-0.192,1.0,0,4,4,0.3,0.55,0.121,0.0
30,946689316.534,APPROACH,,forward_fast,full,1.7,0.372,0.6324,0.235,-0.094,-9.2,0,4,4,0.3,0.55,-0.014,0.0
31,946689316.67,APPROACH,,forward_fast,full,1.778,0.373,0.6632,0.168,0.015,8.0,0,4,4,0.3,0.55,-0.0,0.0
32,946689316.805,APPROACH,,forward_fast,full,1.616,0.377,0.6092,0.103,0.024,20.5,0,4,4,0.3,0.55,-0.0,0.0
33,946689316.942,APPROACH,,forward_fast,full,1.699,0.387,0.6575,0.062,0.073,25.7,0,4,4,0.3,0.481,-0.126,0.0
34,946689317.077,APPROACH,,forward_fast,full,1.529,0.395,0.6040,0.03,0.03,30.9,0,4,4,0.3,0.0,-0.0,0.0
35,946689317.213,ALIGN,CREEP,creep,coarse,1.529,0.398,0.6085,0.072,0.04,None,0,4,4,0.2,0.55,-0.051,0.0
36,946689317.345,ALIGN,GOLDEN,center,full,1.488,0.411,0.6116,0.037,-0.048,28.7,0,4,4,0.0,0.0,0.149,0.0
37,946689317.48,ALIGN,GOLDEN,center,full,1.461,0.42,0.6136,0.026,-0.108,28.7,0,4,4,0.0,0.0,0.175,0.0
38,946689317.617,ALIGN,GOLDEN,center,full,1.47,0.416,0.6115,0.008,-0.201,25.8,0,4,4,0.0,0.0,0.302,0.0
39,946689317.752,ALIGN,GOLDEN,center,full,1.406,0.426,0.5990,-0.039,-0.309,24.7,0,4,4,0.0,0.0,0.429,0.0
40,946689317.887,ALIGN,HOLD,hold,width,1.562,0.449,0.7013,-0.069,-0.311,None,0,0,2,0.0,-0.55,0.314,0.0
41,946689318.009,ALIGN,HOLD,hold,width,1.562,0.448,0.6998,-0.097,-0.331,None,0,0,2,0.0,-0.55,0.354,0.0
42,946689318.132,ALIGN,HOLD,hold,width,1.562,0.459,0.7170,-0.124,-0.317,None,0,0,2,0.0,-0.55,0.3,0.0
43,946689318.266,ALIGN,GOLDEN,center,full,1.363,0.47,0.6406,-0.13,-0.232,25.3,0,4,4,0.0,-0.55,0.137,0.0
44,946689318.403,ALIGN,CREEP,creep,coarse,1.363,0.47,0.6406,-0.084,-0.101,None,0,4,4,0.2,-0.55,-0.042,0.0
45,946689318.533,ALIGN,CREEP,creep,coarse,1.363,0.483,0.6583,-0.061,0.031,None,0,4,4,0.2,-0.479,-0.0,0.0
46,946689318.663,ALIGN,CREEP,creep,coarse,1.363,0.48,0.6542,-0.065,0.072,None,0,4,4,0.2,-0.521,-0.12,0.0
47,946689318.793,ALIGN,CREEP,creep,coarse,1.363,0.491,0.6692,-0.07,0.064,None,0,4,4,0.2,-0.55,-0.054,0.0
48,946689318.92,ALIGN,GOLDEN,center,full,1.253,0.505,0.6328,-0.118,0.043,22.1,0,4,4,0.0,-0.55,-0.019,0.0
49,946689319.056,ALIGN,GOLDEN,center,full,1.227,0.512,0.6282,-0.126,0.04,22.3,0,4,4,0.0,-0.55,-0.037,0.0
50,946689319.191,ALIGN,CREEP,creep,coarse,1.227,0.523,0.6417,-0.055,0.046,None,0,4,4,0.2,-0.412,-0.052,0.0
51,946689319.32,ALIGN,GOLDEN,center,full,1.21,0.544,0.6582,-0.069,0.053,20.1,0,4,4,0.0,-0.55,-0.062,0.0
52,946689319.456,ALIGN,GOLDEN,center,full,1.185,0.554,0.6565,-0.095,-0.047,None,0,4,4,0.0,-0.55,0.157,0.0
53,946689319.588,ALIGN,HOLD,hold,width,1.4,0.594,0.8316,-0.09,-0.089,None,0,0,2,0.0,-0.55,0.137,0.0
54,946689319.714,ALIGN,HOLD,hold,width,1.4,0.577,0.8078,-0.083,-0.09,None,0,0,2,0.0,-0.55,0.092,0.0
55,946689319.839,ALIGN,HOLD,hold,width,1.269,0.628,0.7969,-0.014,-0.078,None,0,0,2,0.0,0.0,0.063,0.0
56,946689319.965,ALIGN,HOLD,hold,width,1.194,0.622,0.7427,0.079,0.014,None,0,0,2,0.0,0.55,-0.0,0.0
57,946689320.089,ALIGN,HOLD,hold,width,1.23,0.646,0.7946,0.121,0.035,None,0,0,2,0.0,0.55,-0.0,0.0
58,946689320.214,ALIGN,HOLD,hold,width,1.269,0.666,0.8452,0.113,0.032,None,0,0,2,0.0,0.55,-0.0,0.0
59,946689320.34,ALIGN,HOLD,hold,width,1.269,0.666,0.8452,0.0,0.0,None,0,0,2,0.0,0.0,0.0,0.0
60,946689320.46,ALIGN,HOLD,hold,width,1.269,0.666,0.8452,0.0,0.0,None,0,0,2,0.0,0.0,0.0,0.0
61,946689320.582,ALIGN,HOLD,hold,width,1.269,0.666,0.8452,0.0,0.0,None,0,0,2,0.0,0.0,0.0,0.0
62,946689320.728,ALIGN,CREEP,creep,width,1.504,0.67,1.0077,0.104,0.037,None,0,0,2,0.2,0.55,-0.0,0.0
63,946689320.864,ALIGN,HOLD,hold,width,1.23,0.66,0.8118,0.126,0.044,None,0,0,2,0.0,0.55,-0.052,0.0
64,946689320.998,ALIGN,HOLD,hold,width,1.353,0.665,0.8997,0.168,0.037,None,0,0,2,0.0,0.55,-0.0,0.0
65,946689321.121,ALIGN,HOLD,hold,width,1.097,0.648,0.7109,0.182,0.019,None,0,0,2,0.0,0.55,-0.0,0.0
66,946689321.243,ALIGN,HOLD,hold,width,1.097,0.137,0.1503,0.0,0.0,None,0,0,4,0.0,0.0,0.0,0.0
67,946689321.37,ALIGN,CREEP,creep,coarse,1.097,0.145,0.1591,0.277,-0.242,None,0,4,4,0.2,0.55,0.399,0.0
68,946689321.5,ALIGN,CREEP,hold,coarse,1.097,0.137,0.1503,0.0,0.0,None,0,0,4,0.0,0.0,0.0,0.0
69,946689321.629,ALIGN,CREEP,creep,coarse,1.097,0.138,0.1514,0.268,-0.236,None,0,4,4,0.2,0.55,0.233,0.0
70,946689321.758,ALIGN,CREEP,hold,coarse,1.097,0.138,0.1514,0.0,0.0,None,0,0,4,0.0,0.0,0.0,0.0
71,946689321.887,ALIGN,CREEP,creep,coarse,1.097,0.141,0.1547,0.253,-0.192,None,0,4,4,0.2,0.55,0.166,0.0
72,946689322.017,ALIGN,CREEP,hold,coarse,1.097,0.141,0.1547,0.0,0.0,None,0,0,4,0.0,0.0,0.0,0.0
73,946689322.146,ALIGN,CREEP,creep,coarse,1.097,0.142,0.1558,0.23,-0.203,None,0,4,4,0.2,0.55,0.209,0.0
74,946689322.274,ALIGN,CREEP,hold,coarse,1.097,0.139,0.1525,0.0,0.0,None,0,0,4,0.0,0.0,0.0,0.0
75,946689322.407,ALIGN,CREEP,center,coarse,1.097,0.139,0.1525,0.197,-0.324,None,0,4,4,0.0,0.55,0.393,0.0
76,946689322.536,ALIGN,CREEP,hold,coarse,1.097,0.142,0.1558,0.0,0.0,None,0,0,4,0.0,0.0,0.0,0.0
77,946689322.667,ALIGN,CREEP,center,coarse,1.097,0.141,0.1547,0.201,-0.393,None,0,4,4,0.0,0.55,0.433,0.0
78,946689322.798,ALIGN,CREEP,hold,coarse,1.097,0.137,0.1503,0.0,0.0,None,0,0,4,0.0,0.0,0.0,0.0
79,946689322.929,ALIGN,CREEP,center,coarse,1.097,0.14,0.1536,0.295,-0.353,None,0,4,4,0.0,0.55,0.33,0.0
80,946689323.063,ALIGN,CREEP,hold,coarse,1.097,0.144,0.1580,0.0,0.0,None,0,0,4,0.0,0.0,0.0,0.0
81,946689323.193,ALIGN,CREEP,center,coarse,1.097,0.141,0.1547,0.363,-0.254,None,0,4,4,0.0,0.55,0.198,0.0
82,946689323.324,ALIGN,CREEP,hold,coarse,1.097,0.145,0.1591,0.0,0.0,None,0,0,4,0.0,0.0,0.0,0.0
83,946689323.454,ALIGN,CREEP,creep,coarse,1.097,0.139,0.1525,0.323,-0.153,None,0,4,4,0.2,0.55,0.095,0.0
84,946689323.585,ALIGN,CREEP,hold,coarse,1.097,0.144,0.1580,0.0,0.0,None,0,0,4,0.0,0.0,0.0,0.0
85,946689323.717,ALIGN,CREEP,creep,coarse,1.097,0.14,0.1536,0.24,-0.168,None,0,4,4,0.2,0.55,0.177,0.0
86,946689323.846,ALIGN,CREEP,hold,coarse,1.097,0.141,0.1547,0.0,0.0,None,0,0,4,0.0,0.0,0.0,0.0
87,946689323.972,ALIGN,CREEP,creep,coarse,1.097,0.141,0.1547,0.23,-0.224,None,0,4,4,0.2,0.55,0.256,0.0
88,946689324.104,ALIGN,CREEP,hold,coarse,1.097,0.138,0.1514,0.0,0.0,None,0,0,4,0.0,0.0,0.0,0.0
89,946689324.231,ALIGN,CREEP,center,coarse,1.097,0.144,0.1580,0.234,-0.31,None,0,4,4,0.0,0.55,0.36,0.0
90,946689324.361,ALIGN,CREEP,hold,coarse,1.097,0.145,0.1591,0.0,0.0,None,0,0,4,0.0,0.0,0.0,0.0
91,946689324.488,ALIGN,CREEP,center,coarse,1.097,0.14,0.1536,0.202,-0.378,None,0,3,3,0.0,0.55,0.417,0.0
92,946689324.612,ALIGN,CREEP,hold,coarse,1.097,0.141,0.1547,0.0,0.0,None,0,0,3,0.0,0.0,0.0,0.0
93,946689324.745,ALIGN,CREEP,center,coarse,1.097,0.142,0.1558,0.231,-0.36,None,0,4,4,0.0,0.55,0.349,0.0
94,946689324.871,ALIGN,CREEP,center,coarse,1.097,0.143,0.1569,0.276,-0.324,None,0,2,2,0.0,0.55,0.281,0.0
95,946689324.991,ALIGN,CREEP,hold,coarse,1.097,0.143,0.1569,0.0,0.0,None,0,0,4,0.0,0.0,0.0,0.0
96,946689325.119,ALIGN,CREEP,center,coarse,1.097,0.141,0.1547,0.338,-0.214,None,0,3,3,0.0,0.55,0.148,0.0
97,946689325.239,ALIGN,CREEP,creep,coarse,1.097,0.142,0.1558,0.327,-0.178,None,0,2,2,0.2,0.55,0.133,0.0
98,946689325.369,ALIGN,CREEP,hold,coarse,1.097,0.185,0.2029,0.0,0.0,None,0,0,4,0.0,0.0,0.0,0.0
99,946689325.501,ALIGN,CREEP,creep,coarse,1.097,0.186,0.2040,-0.075,-0.283,None,0,4,4,0.2,-0.55,0.344,0.0
100,946689325.626,ALIGN,CREEP,hold,coarse,1.097,0.188,0.2062,0.0,0.0,None,0,0,4,0.0,0.0,0.0,0.0
101,946689325.781,ALIGN,HOLD,hold,coarse,1.097,0.194,0.2128,-0.18,-0.296,None,0,4,4,0.0,-0.55,0.303,0.0
102,946689325.936,ALIGN,HOLD,hold,coarse,1.097,0.189,0.2073,0.0,0.0,None,0,0,4,0.0,0.0,0.0,0.0
103,946689326.07,ALIGN,HOLD,hold,coarse,1.097,0.189,0.2073,-0.169,-0.331,None,0,4,4,0.0,-0.55,0.349,0.0
104,946689326.199,ALIGN,HOLD,hold,coarse,1.097,0.19,0.2084,0.0,0.0,None,0,0,4,0.0,0.0,0.0,0.0
105,946689326.346,ALIGN,HOLD,hold,coarse,1.097,0.184,0.2018,-0.09,-0.397,None,0,4,4,0.0,-0.55,0.433,0.0
106,946689326.479,ALIGN,HOLD,hold,coarse,1.097,0.188,0.2062,0.0,0.0,None,0,0,4,0.0,0.0,0.0,0.0
107,946689326.635,ALIGN,HOLD,hold,coarse,1.097,0.184,0.2018,-0.048,-0.351,None,0,4,4,0.0,0.0,0.328,0.0
108,946689326.779,ALIGN,HOLD,hold,coarse,1.097,0.186,0.2040,0.0,0.0,None,0,0,4,0.0,0.0,0.0,0.0
109,946689326.917,ALIGN,CREEP,creep,coarse,1.097,0.188,0.2062,-0.073,-0.279,None,0,4,4,0.2,-0.55,0.241,0.0
110,946689327.048,ALIGN,CREEP,hold,coarse,1.097,0.192,0.2106,0.0,0.0,None,0,0,4,0.0,0.0,0.0,0.0
111,946689327.18,ALIGN,CREEP,creep,coarse,1.097,0.19,0.2084,-0.127,-0.221,None,0,4,4,0.2,-0.55,0.188,0.0
112,946689327.314,ALIGN,CREEP,hold,coarse,1.097,0.189,0.2073,0.0,0.0,None,0,0,4,0.0,0.0,0.0,0.0
113,946689327.446,ALIGN,HOLD,hold,coarse,1.097,0.188,0.2062,-0.117,-0.328,None,0,4,4,0.0,-0.55,0.388,0.0
114,946689327.575,ALIGN,HOLD,hold,coarse,1.097,0.19,0.2084,0.0,0.0,None,0,0,4,0.0,0.0,0.0,0.0
115,946689327.704,ALIGN,HOLD,hold,coarse,1.097,0.191,0.2095,-0.08,-0.342,None,0,4,4,0.0,-0.55,0.35,0.0
116,946689327.833,ALIGN,HOLD,hold,coarse,1.097,0.191,0.2095,0.0,0.0,None,0,0,4,0.0,0.0,0.0,0.0
117,946689327.959,ALIGN,HOLD,hold,coarse,1.097,0.191,0.2095,-0.073,-0.312,None,0,4,4,0.0,-0.55,0.295,0.0
118,946689328.088,ALIGN,HOLD,hold,coarse,1.097,0.188,0.2062,0.0,0.0,None,0,0,4,0.0,0.0,0.0,0.0
119,946689328.218,ALIGN,CREEP,creep,coarse,1.097,0.19,0.2084,-0.07,-0.282,None,0,4,4,0.2,-0.55,0.264,0.0
120,946689328.347,ALIGN,CREEP,hold,coarse,1.097,0.191,0.2095,0.0,0.0,None,0,0,4,0.0,0.0,0.0,0.0
121,946689328.476,ALIGN,HOLD,hold,coarse,1.097,0.193,0.2117,-0.084,-0.297,None,0,4,4,0.0,-0.55,0.306,0.0
122,946689328.606,ALIGN,HOLD,hold,coarse,1.097,0.191,0.2095,0.0,0.0,None,0,0,4,0.0,0.0,0.0,0.0
123,946689328.731,ALIGN,HOLD,hold,coarse,1.097,0.195,0.2139,-0.097,-0.312,None,0,4,4,0.0,-0.55,0.321,0.0
124,946689328.877,ALIGN,HOLD,hold,coarse,1.097,0.194,0.2128,0.0,0.0,None,0,0,4,0.0,0.0,0.0,0.0
125,946689329.013,ALIGN,CREEP,creep,coarse,1.097,0.189,0.2073,-0.055,-0.281,None,0,4,4,0.2,-0.432,0.264,0.0
126,946689329.146,ALIGN,CREEP,hold,coarse,1.097,0.194,0.2128,0.0,0.0,None,0,0,4,0.0,0.0,0.0,0.0
127,946689329.272,ALIGN,HOLD,hold,coarse,1.097,0.195,0.2139,-0.091,-0.325,None,0,4,4,0.0,-0.55,0.351,0.0
128,946689329.4,ALIGN,HOLD,hold,coarse,1.097,0.197,0.2161,0.0,0.0,None,0,0,4,0.0,0.0,0.0,0.0
129,946689329.527,ALIGN,HOLD,hold,coarse,1.097,0.193,0.2117,-0.071,-0.292,None,0,4,4,0.0,-0.55,0.272,0.0
130,946689329.659,ALIGN,HOLD,hold,coarse,1.097,0.195,0.2139,0.0,0.0,None,0,0,4,0.0,0.0,0.0,0.0
131,946689329.786,ALIGN,HOLD,hold,coarse,1.097,0.191,0.2095,-0.052,-0.301,None,0,4,4,0.0,-0.411,0.307,0.0
132,946689329.917,ALIGN,HOLD,hold,coarse,1.097,0.195,0.2139,0.0,0.0,None,0,0,4,0.0,0.0,0.0,0.0
133,946689330.049,ALIGN,HOLD,hold,coarse,1.097,0.198,0.2172,-0.084,-0.385,None,0,4,4,0.0,-0.55,0.432,0.0
134,946689330.189,ALIGN,HOLD,hold,coarse,1.097,0.194,0.2128,0.0,0.0,None,0,0,4,0.0,0.0,0.0,0.0
135,946689330.319,ALIGN,HOLD,hold,coarse,1.097,0.194,0.2128,-0.034,-0.317,None,0,4,4,0.0,0.0,0.279,0.0
136,946689330.446,ALIGN,HOLD,hold,coarse,1.097,0.192,0.2106,0.0,0.0,None,0,0,4,0.0,0.0,0.0,0.0
137,946689330.578,ALIGN,CREEP,creep,coarse,1.097,0.197,0.2161,0.002,-0.26,None,0,4,4,0.2,0.0,0.227,0.0
138,946689330.712,ALIGN,CREEP,hold,coarse,1.097,0.198,0.2172,0.0,0.0,None,0,0,4,0.0,0.0,0.0,0.0
139,946689330.839,ALIGN,CREEP,creep,coarse,1.097,0.198,0.2172,-0.027,-0.287,None,0,4,4,0.2,0.0,0.303,0.0
140,946689330.967,ALIGN,CREEP,hold,coarse,1.097,0.197,0.2161,0.0,0.0,None,0,0,4,0.0,0.0,0.0,0.0
141,946689331.096,ALIGN,HOLD,hold,coarse,1.097,0.2,0.2194,-0.095,-0.408,None,0,4,4,0.0,-0.55,0.479,0.0
142,946689331.237,ALIGN,HOLD,hold,coarse,1.097,0.203,0.2227,0.0,0.0,None,0,0,4,0.0,0.0,0.0,0.0
143,946689331.37,ALIGN,HOLD,hold,coarse,1.097,0.198,0.2172,-0.045,-0.376,None,0,4,4,0.0,0.0,0.359,0.0
144,946689331.498,ALIGN,HOLD,hold,coarse,1.097,0.201,0.2205,0.0,0.0,None,0,0,4,0.0,0.0,0.0,0.0
145,946689331.628,ALIGN,HOLD,hold,coarse,1.097,0.199,0.2183,0.01,-0.3,None,0,4,4,0.0,0.0,0.256,0.0
146,946689331.76,ALIGN,HOLD,hold,coarse,1.097,0.203,0.2227,0.0,0.0,None,0,0,4,0.0,0.0,0.0,0.0
147,946689331.888,ALIGN,HOLD,hold,coarse,1.097,0.202,0.2216,-0.042,-0.319,None,0,4,4,0.0,0.0,0.331,0.0
148,946689332.018,ALIGN,HOLD,hold,coarse,1.097,0.2,0.2194,0.0,0.0,None,0,0,4,0.0,0.0,0.0,0.0
149,946689332.148,ALIGN,HOLD,hold,coarse,1.097,0.2,0.2194,-0.037,-0.322,None,0,4,4,0.0,0.0,0.324,0.0
150,946689332.279,ALIGN,HOLD,hold,coarse,1.097,0.198,0.2172,0.0,0.0,None,0,0,4,0.0,0.0,0.0,0.0
151,946689332.41,ALIGN,CREEP,creep,coarse,1.097,0.202,0.2216,-0.04,-0.264,None,0,4,4,0.2,0.0,0.23,0.0
152,946689332.539,ALIGN,CREEP,hold,coarse,1.097,0.202,0.2216,0.0,0.0,None,0,0,4,0.0,0.0,0.0,0.0
153,946689332.689,ALIGN,CREEP,creep,coarse,1.097,0.198,0.2172,-0.064,-0.226,None,0,4,4,0.2,-0.517,0.206,0.0
154,946689332.821,ALIGN,CREEP,hold,coarse,1.097,0.198,0.2172,0.0,0.0,None,0,0,4,0.0,0.0,0.0,0.0
155,946689332.952,ALIGN,CREEP,creep,coarse,1.097,0.199,0.2183,-0.085,-0.286,None,0,4,4,0.2,-0.55,0.32,0.0
156,946689333.084,ALIGN,CREEP,hold,coarse,1.097,0.203,0.2227,0.0,0.0,None,0,0,4,0.0,0.0,0.0,0.0
157,946689333.211,ALIGN,HOLD,hold,coarse,1.097,0.205,0.2249,-0.025,-0.34,None,0,4,4,0.0,0.0,0.372,0.0
158,946689333.34,ALIGN,HOLD,hold,coarse,1.097,0.206,0.2260,0.0,0.0,None,0,0,4,0.0,0.0,0.0,0.0
159,946689333.47,ALIGN,HOLD,hold,coarse,1.097,0.207,0.2271,-0.01,-0.292,None,0,4,4,0.0,0.0,0.264,0.0
160,946689333.597,ALIGN,HOLD,hold,coarse,1.097,0.208,0.2282,0.0,0.0,None,0,0,4,0.0,0.0,0.0,0.0
161,946689333.728,ALIGN,CREEP,creep,coarse,1.097,0.205,0.2249,-0.056,-0.256,None,0,4,4,0.2,-0.459,0.235,0.0
162,946689333.857,ALIGN,CREEP,hold,coarse,1.097,0.204,0.2238,0.0,0.0,None,0,0,4,0.0,0.0,0.0,0.0
163,946689333.987,ALIGN,CREEP,creep,coarse,1.097,0.205,0.2249,-0.067,-0.264,None,0,4,4,0.2,-0.54,0.269,0.0
164,946689334.115,ALIGN,CREEP,hold,coarse,1.097,0.206,0.2260,0.0,0.0,None,0,0,4,0.0,0.0,0.0,0.0
165,946689334.243,ALIGN,CREEP,creep,coarse,1.097,0.205,0.2249,-0.049,-0.232,None,0,4,4,0.2,0.0,0.213,0.0
166,946689334.371,ALIGN,CREEP,hold,coarse,1.097,0.211,0.2315,0.0,0.0,None,0,0,4,0.0,0.0,0.0,0.0
167,946689334.499,ALIGN,CREEP,creep,coarse,1.097,0.209,0.2293,-0.016,-0.217,None,0,4,4,0.2,0.0,0.208,0.0
168,946689334.629,ALIGN,CREEP,hold,coarse,1.097,0.209,0.2293,0.0,0.0,None,0,0,4,0.0,0.0,0.0,0.0
169,946689334.761,ALIGN,CREEP,creep,coarse,1.097,0.211,0.2315,-0.008,-0.225,None,0,4,4,0.2,0.0,0.23,0.0
170,946689334.89,ALIGN,CREEP,hold,coarse,1.097,0.205,0.2249,0.0,0.0,None,0,0,4,0.0,0.0,0.0,0.0
171,946689335.034,ALIGN,CREEP,creep,coarse,1.097,0.209,0.2293,-0.026,-0.204,None,0,4,4,0.2,0.0,0.193,0.0
172,946689335.169,ALIGN,CREEP,hold,coarse,1.097,0.213,0.2337,0.0,0.0,None,0,0,4,0.0,0.0,0.0,0.0
173,946689335.301,ALIGN,CREEP,creep,coarse,1.097,0.209,0.2293,-0.001,-0.224,None,0,4,4,0.2,0.0,0.235,0.0
174,946689335.426,ALIGN,CREEP,hold,coarse,1.097,0.207,0.2271,0.0,0.0,None,0,0,4,0.0,0.0,0.0,0.0
175,946689335.568,ALIGN,CREEP,creep,coarse,1.097,0.215,0.2359,0.068,-0.201,None,0,4,4,0.2,0.55,0.189,0.0
176,946689335.745,ALIGN,CREEP,hold,coarse,1.097,0.216,0.2370,0.0,0.0,None,0,0,4,0.0,0.0,0.0,0.0
177,946689335.881,ALIGN,CREEP,creep,coarse,1.097,0.218,0.2391,0.079,-0.212,None,0,4,4,0.2,0.55,0.218,0.0
178,946689336.009,ALIGN,CREEP,hold,coarse,1.097,0.213,0.2337,0.0,0.0,None,0,0,4,0.0,0.0,0.0,0.0
179,946689336.141,ALIGN,CREEP,center,coarse,1.097,0.17,0.1865,0.392,-0.211,None,0,4,4,0.0,0.55,0.21,0.0
180,946689336.263,ALIGN,CREEP,hold,coarse,1.097,0.171,0.1876,0.0,0.0,None,0,0,4,0.0,0.0,0.0,0.0
181,946689336.389,ALIGN,CREEP,center,coarse,1.097,0.171,0.1876,0.357,-0.178,None,0,4,4,0.0,0.55,0.158,0.0
182,946689336.516,ALIGN,CREEP,hold,coarse,1.097,0.171,0.1876,0.0,0.0,None,0,0,4,0.0,0.0,0.0,0.0
183,946689336.643,ALIGN,CREEP,center,coarse,1.097,0.18,0.1975,0.377,-0.164,None,0,4,4,0.0,0.55,0.156,0.0
184,946689336.771,ALIGN,CREEP,hold,coarse,1.097,0.176,0.1931,0.0,0.0,None,0,0,4,0.0,0.0,0.0,0.0
185,946689336.899,ALIGN,CREEP,center,coarse,1.097,0.18,0.1975,0.383,-0.16,None,0,4,4,0.0,0.55,0.157,0.0
186,946689337.022,ALIGN,CREEP,hold,coarse,1.097,0.174,0.1909,0.0,0.0,None,0,0,4,0.0,0.0,0.0,0.0
187,946689337.149,ALIGN,CREEP,center,coarse,1.097,0.175,0.1920,0.331,-0.153,None,0,4,4,0.0,0.55,0.149,0.0
188,946689337.277,ALIGN,CREEP,hold,coarse,1.097,0.177,0.1942,0.0,0.0,None,0,0,4,0.0,0.0,0.0,0.0
189,946689337.403,ALIGN,CREEP,creep,coarse,1.097,0.173,0.1898,0.301,-0.164,None,0,4,4,0.2,0.55,0.17,0.0
190,946689337.533,ALIGN,CREEP,hold,coarse,1.097,0.175,0.1920,0.0,0.0,None,0,0,4,0.0,0.0,0.0,0.0
191,946689337.66,ALIGN,CREEP,creep,coarse,1.097,0.176,0.1931,0.296,-0.174,None,0,4,4,0.2,0.55,0.179,0.0
192,946689337.787,ALIGN,CREEP,hold,coarse,1.097,0.175,0.1920,0.0,0.0,None,0,0,4,0.0,0.0,0.0,0.0
193,946689337.914,ALIGN,CREEP,creep,coarse,1.097,0.178,0.1953,0.303,-0.2,None,0,4,4,0.2,0.55,0.216,0.0
194,946689338.041,ALIGN,CREEP,hold,coarse,1.097,0.177,0.1942,0.0,0.0,None,0,0,4,0.0,0.0,0.0,0.0
195,946689338.167,ALIGN,CREEP,center,coarse,1.097,0.177,0.1942,0.348,-0.164,None,0,4,4,0.0,0.55,0.142,0.0
196,946689338.292,ALIGN,CREEP,hold,coarse,1.097,0.18,0.1975,0.0,0.0,None,0,0,4,0.0,0.0,0.0,0.0
197,946689338.422,ALIGN,HOLD,hold,coarse,1.097,0.183,0.2008,0.381,-0.128,None,0,4,4,0.0,0.55,0.107,0.0
198,946689338.551,ALIGN,HOLD,hold,coarse,1.097,0.183,0.2008,0.0,0.0,None,0,0,4,0.0,0.0,0.0,0.0
199,946689338.677,ALIGN,HOLD,hold,coarse,1.097,0.181,0.1986,0.367,-0.142,None,0,4,4,0.0,0.55,0.15,0.0
200,946689338.802,ALIGN,HOLD,hold,coarse,1.097,0.18,0.1975,0.0,0.0,None,0,0,4,0.0,0.0,0.0,0.0
201,946689338.942,ALIGN,CREEP,creep,coarse,1.097,0.178,0.1953,0.33,-0.174,None,0,4,4,0.2,0.55,0.192,0.0
202,946689339.075,ALIGN,CREEP,hold,coarse,1.097,0.179,0.1964,0.0,0.0,None,0,0,4,0.0,0.0,0.0,0.0
203,946689339.206,ALIGN,CREEP,creep,coarse,1.097,0.18,0.1975,0.273,-0.125,None,0,4,4,0.2,0.55,0.097,0.0
204,946689339.341,ALIGN,CREEP,hold,coarse,1.097,0.179,0.1964,0.0,0.0,None,0,0,4,0.0,0.0,0.0,0.0
205,946689339.506,ALIGN,CREEP,creep,coarse,1.097,0.18,0.1975,0.241,-0.044,None,0,4,4,0.2,0.55,0.004,0.0
206,946689339.651,ALIGN,CREEP,hold,coarse,1.097,0.183,0.2008,0.0,0.0,None,0,0,4,0.0,0.0,0.0,0.0
207,946689339.785,ALIGN,CREEP,creep,coarse,1.097,0.182,0.1997,0.285,0.003,None,0,4,4,0.2,0.55,-0.0,0.0
208,946689339.922,ALIGN,CREEP,hold,coarse,1.097,0.18,0.1975,0.0,0.0,None,0,0,4,0.0,0.0,0.0,0.0
209,946689340.051,ALIGN,CREEP,creep,coarse,1.097,0.184,0.2018,0.311,0.024,None,0,4,4,0.2,0.55,-0.0,0.0
210,946689340.182,ALIGN,CREEP,hold,coarse,1.097,0.184,0.2018,0.0,0.0,None,0,0,4,0.0,0.0,0.0,0.0
211,946689340.31,ALIGN,CREEP,creep,coarse,1.097,0.184,0.2018,0.28,-0.024,None,0,4,4,0.2,0.55,-0.0,0.0
212,946689340.437,ALIGN,CREEP,hold,coarse,1.097,0.186,0.2040,0.0,0.0,None,0,0,4,0.0,0.0,0.0,0.0
213,946689340.569,ALIGN,CREEP,creep,coarse,1.097,0.183,0.2008,0.237,-0.089,None,0,4,4,0.2,0.55,0.127,0.0
214,946689340.694,ALIGN,CREEP,hold,coarse,1.097,0.187,0.2051,0.0,0.0,None,0,0,4,0.0,0.0,0.0,0.0
215,946689340.832,ALIGN,CREEP,creep,coarse,1.097,0.181,0.1986,0.177,-0.093,None,0,4,4,0.2,0.55,0.095,0.0
216,946689340.962,ALIGN,CREEP,hold,coarse,1.097,0.184,0.2018,0.0,0.0,None,0,0,4,0.0,0.0,0.0,0.0
217,946689341.09,ALIGN,CREEP,creep,coarse,1.097,0.187,0.2051,0.14,-0.085,None,0,4,4,0.2,0.55,0.08,0.0
218,946689341.219,ALIGN,CREEP,hold,coarse,1.097,0.188,0.2062,0.0,0.0,None,0,0,4,0.0,0.0,0.0,0.0
219,946689341.354,ALIGN,CREEP,creep,coarse,1.097,0.187,0.2051,0.138,-0.042,None,0,4,4,0.2,0.55,0.017,0.0
220,946689341.487,ALIGN,CREEP,hold,coarse,1.097,0.188,0.2062,0.0,0.0,None,0,0,4,0.0,0.0,0.0,0.0
221,946689341.619,ALIGN,CREEP,creep,coarse,1.097,0.191,0.2095,0.218,-0.057,None,0,4,4,0.2,0.55,0.066,0.0
222,946689341.75,ALIGN,CREEP,hold,coarse,1.097,0.192,0.2106,0.0,0.0,None,0,0,4,0.0,0.0,0.0,0.0
223,946689341.88,ALIGN,HOLD,hold,coarse,1.097,0.192,0.2106,0.348,-0.093,None,0,4,4,0.0,0.55,0.114,0.0
224,946689342.009,ALIGN,HOLD,hold,coarse,1.097,0.188,0.2062,0.0,0.0,None,0,0,4,0.0,0.0,0.0,0.0
225,946689342.14,ALIGN,HOLD,hold,coarse,1.097,0.196,0.2150,0.421,-0.069,None,0,4,4,0.0,0.55,0.056,0.0
226,946689342.271,ALIGN,HOLD,hold,coarse,1.097,0.198,0.2172,0.0,0.0,None,0,0,4,0.0,0.0,0.0,0.0
227,946689342.408,ALIGN,HOLD,hold,coarse,1.097,0.198,0.2172,0.42,-0.115,None,0,4,4,0.0,0.55,0.141,0.0
228,946689342.556,ALIGN,HOLD,hold,coarse,1.097,0.196,0.2150,0.0,0.0,None,0,0,4,0.0,0.0,0.0,0.0
229,946689342.696,ALIGN,CREEP,creep,coarse,1.097,0.191,0.2095,0.297,-0.151,None,0,4,4,0.2,0.55,0.17,0.0
230,946689342.832,ALIGN,CREEP,hold,coarse,1.097,0.191,0.2095,0.0,0.0,None,0,0,4,0.0,0.0,0.0,0.0
231,946689342.964,ALIGN,CREEP,creep,coarse,1.097,0.188,0.2062,0.199,-0.121,None,0,4,4,0.2,0.55,0.104,0.0
232,946689343.097,ALIGN,CREEP,hold,coarse,1.097,0.191,0.2095,0.0,0.0,None,0,0,4,0.0,0.0,0.0,0.0
233,946689343.227,ALIGN,CREEP,creep,coarse,1.097,0.192,0.2106,0.231,-0.122,None,0,4,4,0.2,0.55,0.123,0.0
234,946689343.364,ALIGN,CREEP,hold,coarse,1.097,0.198,0.2172,0.0,0.0,None,0,0,4,0.0,0.0,0.0,0.0
235,946689343.501,ALIGN,HOLD,hold,coarse,1.097,0.201,0.2205,0.332,-0.133,None,0,4,4,0.0,0.55,0.139,0.0
236,946689343.649,ALIGN,HOLD,hold,coarse,1.097,0.202,0.2216,0.0,0.0,None,0,0,4,0.0,0.0,0.0,0.0
237,946689343.819,ALIGN,HOLD,hold,coarse,1.097,0.202,0.2216,0.371,-0.138,None,0,4,4,0.0,0.55,0.139,0.0
238,946689343.958,ALIGN,HOLD,hold,coarse,1.097,0.202,0.2216,0.0,0.0,None,0,0,4,0.0,0.0,0.0,0.0
239,946689344.095,ALIGN,HOLD,hold,coarse,1.097,0.199,0.2183,0.379,-0.093,None,0,4,4,0.0,0.55,0.069,0.0
240,946689344.232,ALIGN,HOLD,hold,coarse,1.097,0.201,0.2205,0.0,0.0,None,0,0,4,0.0,0.0,0.0,0.0
241,946689344.368,ALIGN,HOLD,hold,coarse,1.097,0.195,0.2139,0.341,-0.069,None,0,4,4,0.0,0.55,0.056,0.0
242,946689344.492,ALIGN,HOLD,hold,coarse,1.097,0.201,0.2205,0.0,0.0,None,0,0,4,0.0,0.0,0.0,0.0
243,946689344.625,ALIGN,CREEP,creep,coarse,1.097,0.196,0.2150,0.309,-0.143,None,0,4,4,0.2,0.55,0.186,0.0
244,946689344.756,ALIGN,CREEP,hold,coarse,1.097,0.197,0.2161,0.0,0.0,None,0,0,4,0.0,0.0,0.0,0.0
245,946689344.889,ALIGN,CREEP,creep,coarse,1.097,0.196,0.2150,0.238,-0.174,None,0,4,4,0.2,0.55,0.191,0.0
246,946689345.031,ALIGN,CREEP,hold,coarse,1.097,0.195,0.2139,0.0,0.0,None,0,0,4,0.0,0.0,0.0,0.0
247,946689345.167,ALIGN,CREEP,creep,coarse,1.097,0.195,0.2139,0.249,-0.1,None,0,4,4,0.2,0.55,0.06,0.0
248,946689345.301,ALIGN,CREEP,hold,coarse,1.097,0.195,0.2139,0.0,0.0,None,0,0,4,0.0,0.0,0.0,0.0
249,946689345.431,ALIGN,HOLD,hold,coarse,1.097,0.198,0.2172,0.341,-0.075,None,0,4,4,0.0,0.55,0.061,0.0
250,946689345.563,ALIGN,HOLD,hold,coarse,1.097,0.202,0.2216,0.0,0.0,None,0,0,4,0.0,0.0,0.0,0.0
251,946689345.692,ALIGN,HOLD,hold,coarse,1.097,0.198,0.2172,0.387,-0.092,None,0,4,4,0.0,0.55,0.101,0.0
252,946689345.826,ALIGN,HOLD,hold,coarse,1.097,0.205,0.2249,0.0,0.0,None,0,0,4,0.0,0.0,0.0,0.0
253,946689345.965,ALIGN,HOLD,hold,coarse,1.097,0.198,0.2172,0.338,-0.142,None,0,4,4,0.0,0.55,0.169,0.0
254,946689346.1,ALIGN,HOLD,hold,coarse,1.097,0.198,0.2172,0.0,0.0,None,0,0,4,0.0,0.0,0.0,0.0
255,946689346.23,ALIGN,CREEP,creep,coarse,1.097,0.195,0.2139,0.247,-0.181,None,0,4,4,0.2,0.55,0.203,0.0
256,946689346.372,ALIGN,CREEP,hold,coarse,1.097,0.196,0.2150,0.0,0.0,None,0,0,4,0.0,0.0,0.0,0.0
257,946689346.502,ALIGN,CREEP,creep,coarse,1.097,0.195,0.2139,0.221,-0.153,None,0,4,4,0.2,0.55,0.137,0.0
258,946689346.633,ALIGN,CREEP,hold,coarse,1.097,0.195,0.2139,0.0,0.0,None,0,0,4,0.0,0.0,0.0,0.0
259,946689346.764,ALIGN,CREEP,creep,coarse,1.097,0.193,0.2117,0.238,-0.151,None,0,4,4,0.2,0.55,0.151,0.0
260,946689346.894,ALIGN,CREEP,hold,coarse,1.097,0.189,0.2073,0.0,0.0,None,0,0,4,0.0,0.0,0.0,0.0
261,946689347.028,ALIGN,CREEP,creep,coarse,1.097,0.191,0.2095,0.249,-0.15,None,0,4,4,0.2,0.55,0.149,0.0
262,946689347.161,ALIGN,CREEP,hold,coarse,1.097,0.189,0.2073,0.0,0.0,None,0,0,4,0.0,0.0,0.0,0.0
263,946689347.289,ALIGN,CREEP,creep,coarse,1.097,0.192,0.2106,0.195,-0.19,None,0,4,4,0.2,0.55,0.213,0.0
264,946689347.418,ALIGN,CREEP,hold,coarse,1.097,0.188,0.2062,0.0,0.0,None,0,0,4,0.0,0.0,0.0,0.0
265,946689347.55,ALIGN,CREEP,creep,coarse,1.097,0.184,0.2018,0.22,-0.24,None,0,4,4,0.2,0.55,0.269,0.0
266,946689347.681,ALIGN,CREEP,hold,coarse,1.097,0.187,0.2051,0.0,0.0,None,0,0,4,0.0,0.0,0.0,0.0
267,946689347.814,ALIGN,CREEP,creep,coarse,1.097,0.191,0.2095,0.308,-0.169,None,0,4,4,0.2,0.55,0.129,0.0
268,946689347.946,ALIGN,CREEP,hold,coarse,1.097,0.191,0.2095,0.0,0.0,None,0,0,4,0.0,0.0,0.0,0.0
269,946689348.074,ALIGN,HOLD,hold,coarse,1.097,0.197,0.2161,0.362,-0.117,None,0,4,4,0.0,0.55,0.086,0.0
270,946689348.209,ALIGN,HOLD,hold,coarse,1.097,0.198,0.2172,0.0,0.0,None,0,0,4,0.0,0.0,0.0,0.0
271,946689348.34,ALIGN,HOLD,hold,coarse,1.097,0.202,0.2216,0.351,-0.115,None,0,3,3,0.0,0.55,0.114,0.0
272,946689348.465,ALIGN,HOLD,hold,coarse,1.097,0.201,0.2205,0.0,0.0,None,0,0,3,0.0,0.0,0.0,0.0
273,946689348.589,ALIGN,CREEP,creep,coarse,1.097,0.2,0.2194,0.25,-0.182,None,0,3,3,0.2,0.55,0.222,0.0
274,946689348.712,ALIGN,CREEP,creep,coarse,1.097,0.195,0.2139,0.188,-0.218,None,0,2,2,0.2,0.55,0.262,0.0
275,946689348.834,ALIGN,CREEP,creep,coarse,1.097,0.192,0.2106,0.138,-0.232,None,0,2,2,0.2,0.55,0.249,0.0
276,946689348.956,ALIGN,CREEP,creep,coarse,1.097,0.191,0.2095,0.129,-0.226,None,0,2,2,0.2,0.55,0.22,0.0
277,946689349.083,ALIGN,CREEP,hold,coarse,1.097,0.191,0.2095,0.0,0.0,None,0,0,3,0.0,0.0,0.0,0.0
278,946689349.211,ALIGN,CREEP,creep,coarse,1.097,0.191,0.2095,0.163,-0.182,None,0,3,3,0.2,0.55,0.156,0.0
279,946689349.337,ALIGN,CREEP,hold,coarse,1.097,0.19,0.2084,0.0,0.0,None,0,0,3,0.0,0.0,0.0,0.0
280,946689349.462,ALIGN,CREEP,creep,coarse,1.097,0.195,0.2139,0.29,-0.143,None,0,3,3,0.2,0.55,0.12,0.0
281,946689349.588,ALIGN,CREEP,hold,coarse,1.097,0.197,0.2161,0.0,0.0,None,0,0,3,0.0,0.0,0.0,0.0
282,946689349.71,ALIGN,HOLD,hold,coarse,1.097,0.2,0.2194,0.331,-0.154,None,0,3,3,0.0,0.55,0.161,0.0
283,946689349.835,ALIGN,HOLD,hold,coarse,1.097,0.214,0.2348,0.0,0.0,None,0,0,3,0.0,0.0,0.0,0.0
284,946689349.958,ALIGN,HOLD,hold,coarse,1.097,0.216,0.2370,0.205,-0.324,None,0,3,3,0.0,0.55,0.426,0.0
285,946689350.083,ALIGN,HOLD,hold,coarse,1.097,0.229,0.2512,0.0,0.0,None,0,0,4,0.0,0.0,0.0,0.0
286,946689350.211,ALIGN,HOLD,hold,coarse,1.097,0.228,0.2501,0.061,-0.374,None,0,4,4,0.0,0.464,0.403,0.0
287,946689350.341,ALIGN,HOLD,hold,coarse,1.097,0.225,0.2468,0.0,0.0,None,0,0,4,0.0,0.0,0.0,0.0
288,946689350.473,ALIGN,CREEP,creep,coarse,1.097,0.219,0.2402,0.123,-0.176,None,0,4,4,0.2,0.55,0.063,0.0
289,946689350.608,ALIGN,CREEP,hold,coarse,1.097,0.226,0.2479,0.0,0.0,None,0,0,4,0.0,0.0,0.0,0.0
290,946689350.737,ALIGN,CREEP,creep,coarse,1.097,0.229,0.2512,0.168,-0.15,None,0,4,4,0.2,0.55,0.135,0.0
291,946689350.871,ALIGN,CREEP,hold,coarse,1.097,0.229,0.2512,0.0,0.0,None,0,0,4,0.0,0.0,0.0,0.0
292,946689350.989,ALIGN,CREEP,hold,coarse,1.097,0.229,0.2512,0.0,0.0,None,0,0,4,0.0,0.0,0.0,0.0
293,946689351.111,ALIGN,CREEP,hold,coarse,1.097,0.202,0.2216,0.0,0.0,None,0,0,4,0.0,0.0,0.0,0.0
294,946689351.237,ALIGN,CREEP,creep,coarse,1.097,0.211,0.2315,0.083,-0.264,None,0,4,4,0.2,0.55,0.298,0.0
295,946689351.364,ALIGN,CREEP,hold,coarse,1.097,0.216,0.2370,0.0,0.0,None,0,0,4,0.0,0.0,0.0,0.0
296,946689351.491,ALIGN,CREEP,creep,coarse,1.097,0.218,0.2391,0.074,-0.237,None,0,4,4,0.2,0.55,0.222,0.0
297,946689351.619,ALIGN,CREEP,hold,coarse,1.097,0.214,0.2348,0.0,0.0,None,0,0,4,0.0,0.0,0.0,0.0
298,946689351.748,ALIGN,CREEP,creep,coarse,1.097,0.22,0.2413,0.059,-0.224,None,0,4,4,0.2,0.471,0.216,0.0
299,946689351.878,ALIGN,CREEP,hold,coarse,1.097,0.216,0.2370,0.0,0.0,None,0,0,4,0.0,0.0,0.0,0.0
300,946689352.005,ALIGN,CREEP,creep,coarse,1.097,0.216,0.2370,0.12,-0.182,None,0,4,4,0.2,0.55,0.158,0.0
301,946689352.129,ALIGN,CREEP,hold,coarse,1.097,0.216,0.2370,0.0,0.0,None,0,0,4,0.0,0.0,0.0,0.0
302,946689352.255,ALIGN,CREEP,creep,coarse,1.097,0.218,0.2391,0.076,-0.169,None,0,4,4,0.2,0.55,0.162,0.0
303,946689352.382,ALIGN,CREEP,hold,coarse,1.097,0.214,0.2348,0.0,0.0,None,0,0,3,0.0,0.0,0.0,0.0
304,946689352.508,ALIGN,CREEP,creep,coarse,1.097,0.211,0.2315,0.05,-0.16,None,0,3,3,0.2,0.0,0.154,0.0
305,946689352.631,ALIGN,CREEP,creep,width,3.691,0.212,0.7825,0.016,-0.11,None,0,0,2,0.2,0.0,0.049,0.0
306,946689352.753,ALIGN,CREEP,hold,width,3.691,0.212,0.7825,0.0,0.0,None,0,0,2,0.0,0.0,0.0,0.0
307,946689352.873,ALIGN,CREEP,hold,width,3.691,0.212,0.7825,0.0,0.0,None,0,0,2,0.0,0.0,0.0,0.0
308,946689353.001,ALIGN,CREEP,hold,width,3.691,0.212,0.7825,0.0,0.0,None,0,0,2,0.0,0.0,0.0,0.0
309,946689353.129,ALIGN,CREEP,hold,width,3.691,0.212,0.7825,0.0,0.0,None,0,0,2,0.0,0.0,0.0,0.0
310,946689353.246,ALIGN,CREEP,hold,width,3.691,0.212,0.7825,0.0,0.0,None,0,0,2,0.0,0.0,0.0,0.0
311,946689353.363,ALIGN,CREEP,hold,width,3.691,0.212,0.7825,0.0,0.0,None,0,0,2,0.0,0.0,0.0,0.0
312,946689353.483,ALIGN,CREEP,hold,width,3.691,0.212,0.7825,0.0,0.0,None,0,0,2,0.0,0.0,0.0,0.0
313,946689353.61,ALIGN,CREEP,hold,width,3.691,0.212,0.7825,0.0,0.0,None,0,0,2,0.0,0.0,0.0,0.0
314,946689353.729,ALIGN,CREEP,hold,width,3.691,0.212,0.7825,0.0,0.0,None,0,0,2,0.0,0.0,0.0,0.0
315,946689353.848,ALIGN,CREEP,creep,width,3.383,0.223,0.7544,-0.02,-0.194,None,0,0,2,0.2,0.0,0.205,0.0
316,946689353.969,ALIGN,CREEP,creep,width,3.383,0.217,0.7341,0.002,-0.186,None,0,0,2,0.2,0.0,0.176,0.0
317,946689354.094,APPROACH,,creep,width,3.383,0.225,0.7612,0.03,-0.175,None,0,0,2,0.2,0.0,0.162,0.0
318,946689354.216,APPROACH,,center,width,3.383,0.22,0.7443,0.057,-0.143,None,0,0,2,0.0,0.471,0.104,0.0
319,946689354.336,APPROACH,,center,width,3.383,0.22,0.7443,0.057,-0.118,None,0,0,2,0.0,0.46,0.087,0.0
320,946689354.456,APPROACH,,center,width,3.383,0.223,0.7544,0.057,-0.136,None,0,0,2,0.0,0.46,0.159,0.0
321,946689354.58,APPROACH,,center,width,3.123,0.222,0.6933,0.038,-0.124,None,0,0,2,0.0,0.0,0.108,0.0
322,946689354.703,APPROACH,,center,width,3.383,0.227,0.7679,-0.02,-0.139,None,0,0,2,0.0,0.0,0.158,0.0
323,946689354.822,APPROACH,,center,width,3.123,0.223,0.6964,-0.033,-0.157,None,0,0,2,0.0,0.0,0.18,0.0
324,946689354.941,APPROACH,,center,width,3.383,0.228,0.7713,-0.047,-0.188,None,0,0,2,0.0,0.0,0.226,0.0
325,946689355.06,APPROACH,,center,width,3.383,0.225,0.7612,-0.053,-0.19,None,0,0,2,0.0,-0.425,0.194,0.0
326,946689355.183,APPROACH,,center,width,3.383,0.227,0.7679,-0.047,-0.219,None,0,0,2,0.0,0.0,0.255,0.0
327,946689355.303,APPROACH,,center,width,3.383,0.227,0.7679,-0.047,-0.226,None,0,0,2,0.0,0.0,0.235,0.0
328,946689355.423,APPROACH,,center,width,3.691,0.225,0.8305,-0.033,-0.226,None,0,0,2,0.0,0.0,0.226,0.0
329,946689355.543,APPROACH,,center,width,3.383,0.226,0.7646,-0.02,-0.222,None,0,0,2,0.0,0.0,0.217,0.0
330,946689355.665,APPROACH,,center,width,3.691,0.227,0.8379,-0.033,-0.224,None,0,0,2,0.0,0.0,0.225,0.0
331,946689355.79,APPROACH,,center,width,3.691,0.228,0.8415,-0.033,-0.212,None,0,0,2,0.0,0.0,0.199,0.0
332,946689355.907,APPROACH,,center,width,3.383,0.23,0.7781,-0.047,-0.165,None,0,0,2,0.0,0.0,0.105,0.0
333,946689356.025,APPROACH,,center,width,3.383,0.227,0.7679,-0.047,-0.122,None,0,0,2,0.0,0.0,0.067,0.0
334,946689356.143,APPROACH,,center,width,3.383,0.229,0.7747,-0.047,-0.092,None,0,0,2,0.0,0.0,0.053,0.0
335,946689356.269,APPROACH,,center,width,3.691,0.23,0.8489,-0.061,-0.065,None,0,0,2,0.0,-0.494,0.034,0.0
336,946689356.399,APPROACH,,center,width,4.06,0.231,0.9379,-0.075,-0.047,None,0,0,2,0.0,-0.55,0.026,0.0
337,946689356.519,APPROACH,,center,width,3.123,0.231,0.7214,-0.061,-0.062,None,0,0,2,0.0,-0.483,0.082,0.0
338,946689356.64,APPROACH,,center,width,3.691,0.23,0.8489,-0.039,-0.099,None,0,0,2,0.0,0.0,0.143,0.0
339,946689356.762,APPROACH,,center,width,3.383,0.23,0.7781,-0.047,-0.093,None,0,0,2,0.0,0.0,0.086,0.0
340,946689356.881,APPROACH,,backward_slow,width,3.383,0.23,0.7781,0.0,0.0,None,0,0,2,-0.2,0.0,0.0,0.0
341,946689357.001,APPROACH,,center,width,3.383,0.23,0.7781,-0.047,-0.142,None,0,0,2,0.0,0.0,0.172,0.0
342,946689357.128,APPROACH,,center,width,3.123,0.226,0.7058,-0.033,-0.106,None,0,0,2,0.0,0.0,0.063,0.0
343,946689357.249,APPROACH,,center,width,3.383,0.227,0.7679,-0.047,-0.124,None,0,0,2,0.0,0.0,0.146,0.0
344,946689357.373,APPROACH,,center,width,3.383,0.23,0.7781,-0.047,-0.128,None,0,0,2,0.0,0.0,0.133,0.0
345,946689357.494,APPROACH,,center,width,3.383,0.229,0.7747,-0.047,-0.15,None,0,0,2,0.0,0.0,0.178,0.0
346,946689357.614,APPROACH,,center,width,3.383,0.232,0.7849,-0.047,-0.151,None,0,0,2,0.0,0.0,0.153,0.0
347,946689357.736,APPROACH,,center,width,3.383,0.23,0.7781,-0.047,-0.154,None,0,0,2,0.0,0.0,0.158,0.0
348,946689357.856,APPROACH,,center,width,3.123,0.234,0.7308,-0.067,-0.178,None,0,0,2,0.0,-0.541,0.207,0.0
349,946689357.976,APPROACH,,center,width,3.383,0.231,0.7815,-0.069,-0.194,None,0,0,2,0.0,-0.55,0.215,0.0
350,946689358.096,APPROACH,,center,width,3.383,0.232,0.7849,-0.075,-0.21,None,0,0,2,0.0,-0.55,0.229,0.0
351,946689358.22,APPROACH,,center,width,3.123,0.231,0.7214,-0.067,-0.217,None,0,0,2,0.0,-0.53,0.225,0.0
352,946689358.342,APPROACH,,center,width,3.383,0.231,0.7815,-0.097,-0.224,None,0,0,2,0.0,-0.55,0.232,0.0
353,946689358.463,APPROACH,,center,width,3.691,0.229,0.8452,-0.089,-0.231,None,0,0,2,0.0,-0.55,0.239,0.0
354,946689358.588,APPROACH,,center,width,3.383,0.229,0.7747,-0.053,-0.215,None,0,0,2,0.0,-0.409,0.197,0.0
355,946689358.721,APPROACH,,center,width,3.383,0.227,0.7679,-0.047,-0.189,None,0,0,2,0.0,0.0,0.159,0.0
356,946689358.847,APPROACH,,center,width,3.383,0.234,0.7916,-0.02,-0.167,None,0,0,2,0.0,0.0,0.14,0.0
357,946689358.982,APPROACH,,center,width,3.383,0.23,0.7781,0.002,-0.133,None,0,0,2,0.0,0.0,0.096,0.0
358,946689359.103,APPROACH,,center,width,3.383,0.233,0.7882,0.03,-0.101,None,0,0,2,0.0,0.0,0.062,0.0
359,946689359.222,APPROACH,,center,width,3.383,0.234,0.7916,0.03,-0.101,None,0,0,2,0.0,0.0,0.101,0.0
360,946689359.342,APPROACH,,center,width,3.383,0.234,0.7916,0.03,-0.101,None,0,0,2,0.0,0.0,0.101,0.0
361,946689359.463,APPROACH,,center,width,3.383,0.235,0.7950,0.002,-0.135,None,0,0,2,0.0,0.0,0.176,0.0
362,946689359.587,APPROACH,,center,width,3.383,0.245,0.8288,-0.02,-0.222,None,0,0,2,0.0,0.0,0.328,0.0
363,946689359.709,APPROACH,,center,width,3.383,0.248,0.8390,-0.02,-0.276,None,0,0,2,0.0,0.0,0.343,0.0
364,946689359.834,APPROACH,,center,width,3.383,0.241,0.8153,-0.02,-0.192,None,0,0,2,0.0,0.0,0.09,0.0
365,946689359.96,APPROACH,,center,width,3.383,0.234,0.7916,0.002,-0.146,None,0,0,2,0.0,0.0,0.091,0.0
366,946689360.086,APPROACH,,center,width,3.383,0.24,0.8119,0.024,-0.113,None,0,0,2,0.0,0.0,0.073,0.0
367,946689360.216,APPROACH,,center,width,3.383,0.227,0.7679,0.057,-0.05,None,0,0,2,0.0,0.472,-0.022,0.0
368,946689360.338,APPROACH,,center,width,3.123,0.233,0.7277,0.071,-0.025,None,0,0,2,0.0,0.55,-0.0,0.0
369,946689360.458,APPROACH,,center,width,3.383,0.229,0.7747,0.057,-0.11,None,0,0,2,0.0,0.454,0.216,0.0
370,946689360.578,APPROACH,,hold,width,3.383,0.234,0.7916,0.0,0.0,None,0,0,4,0.0,0.0,0.0,0.0
371,946689360.705,APPROACH,,hold,width,3.383,0.233,0.7882,0.0,0.0,None,0,0,4,0.0,0.0,0.0,0.0
372,946689360.861,APPROACH,,hold,width,3.383,0.234,0.7916,0.0,0.0,None,0,0,4,0.0,0.0,0.0,0.0
373,946689361.001,APPROACH,,hold,width,3.383,0.238,0.8052,0.0,0.0,None,0,0,4,0.0,0.0,0.0,0.0
374,946689361.128,APPROACH,,hold,width,3.383,0.241,0.8153,0.0,0.0,None,0,0,4,0.0,0.0,0.0,0.0
375,946689361.255,APPROACH,,hold,width,3.383,0.241,0.8153,0.0,0.0,None,0,0,4,0.0,0.0,0.0,0.0
376,946689361.384,APPROACH,,hold,width,3.383,0.237,0.8018,0.0,0.0,None,0,0,4,0.0,0.0,0.0,0.0
377,946689361.511,APPROACH,,hold,width,3.383,0.238,0.8052,0.0,0.0,None,0,0,4,0.0,0.0,0.0,0.0
378,946689361.639,APPROACH,,hold,width,3.383,0.237,0.8018,0.0,0.0,None,0,0,4,0.0,0.0,0.0,0.0
379,946689361.769,APPROACH,,hold,width,3.383,0.234,0.7916,0.0,0.0,None,0,0,4,0.0,0.0,0.0,0.0
380,946689361.895,APPROACH,,hold,width,3.383,0.236,0.7984,0.0,0.0,None,0,0,4,0.0,0.0,0.0,0.0
381,946689362.026,APPROACH,,hold,width,3.383,0.24,0.8119,0.0,0.0,None,0,0,4,0.0,0.0,0.0,0.0
382,946689362.157,APPROACH,,hold,width,3.383,0.238,0.8052,0.0,0.0,None,0,0,4,0.0,0.0,0.0,0.0
383,946689362.287,APPROACH,,hold,width,3.383,0.236,0.7984,0.0,0.0,None,0,0,4,0.0,0.0,0.0,0.0
384,946689362.415,APPROACH,,hold,width,3.383,0.237,0.8018,0.0,0.0,None,0,0,4,0.0,0.0,0.0,0.0
