from	to	kind	files	bytes	project
_archive/MOVES.tsv	_archive/_records/MOVES.tsv	file	1	1842	records
_archive/DELETED_2026-09-24_dupes.tsv	_archive/_records/DELETED_2026-09-24_dupes.tsv	file	1	5234	records
_archive/DELETED_2026-09-24_intermediates.tsv	_archive/_records/DELETED_2026-09-24_intermediates.tsv	file	1	603	records
_archive/old_readme	_archive/_records/old_readme	dir	2	28840	records
cleanup_record/DELETED_2026-09-28.tsv	_archive/_records/DELETED_2026-09-28.tsv	file	1	1628	records
_archive/hb_scratch_20260923	_archive/quant/hb_scratch_20260923	dir	12	43735799	quant
_archive/quant_ideas_void_20260924	_archive/quant/ideas_void_20260924	dir	6	233912	quant
_archive/quant_rounds_stage1_20260926	_archive/quant/rounds_stage1_20260926	dir	4	11339	quant
_archive/data/auv_history	_archive/legacy_2026-09-23_sweep/datasets_auv_history	dir	2213	26346242	legacy
_archive/runs/detect	_archive/legacy_2026-09-23_sweep/detect_runs_v3_v4	dir	19	7885127	legacy
_archive/runs/pose	_archive/legacy_2026-09-23_sweep/pose_runs_auv3_auv4_smoke	dir	81	51528502	legacy
_archive/runs/extract	_archive/legacy_2026-09-23_sweep/extract_logs	dir	1	4688	legacy
_archive/output/backup_auv3	_archive/legacy_2026-09-23_sweep/output_backup_auv3	dir	2	4056897	legacy
_archive/orphan_pyc	_archive/legacy_2026-09-23_sweep/orphan_pyc	dir	3	39344	legacy
_archive/data/AUV_5_gate-pose.yolov8_backup_20260924_132624	_archive/auv5/datasets_AUV_5_gate-pose_backup_20260924	dir	1689	95056137	auv5
_archive/manifest_before_realign_20260924	_archive/auv5/manifest_before_realign_20260924	dir	2	552564	auv5
_archive/unneeded_20260925	_archive/auv5/unneeded_20260925	dir	20	492113	auv5
_archive/unneeded_20260926	_archive/auv5/unneeded_20260926	dir	7073	875842300	auv5
_archive/dupes_20260926	_archive/auv5/judgment_dupes_20260926	dir	14	23840	auv5
_archive/planBC_void_20260928	_archive/auv6/planBC_void_20260928	dir	832	107581370	auv6
_archive/superseded_by_v3_20260928	_archive/auv6/superseded_by_v3_20260928	dir	876	362559926	auv6
_archive/ab_v2_prebasenamefix_20260928	_archive/auv6/ab_v2_prebasenamefix_20260928	dir	11	9773270	auv6
output/preview/AUV6	output/preview/auv6_pose	dir	848	120869078	auv6-naming
