from	to	kind	files	bytes
output/preview/auv5_pose/ok	output/preview/auv5_pose/judgment/buckets/ok	dir	309	36613324
output/preview/auv5_pose/one_ok_one_bad	output/preview/auv5_pose/judgment/buckets/one_ok_one_bad	dir	26	2991954
output/preview/auv5_pose/wrong_kpt	output/preview/auv5_pose/judgment/buckets/wrong_kpt	dir	4	475088
output/preview/auv5_pose/wrong_box	output/preview/auv5_pose/judgment/buckets/wrong_box	dir	0	4096
output/preview/auv5_pose/partial	output/preview/auv5_pose/judgment/buckets/partial	dir	0	4096
output/preview/auv5_pose/missed	output/preview/auv5_pose/judgment/buckets/missed	dir	0	4096
output/preview/auv5_pose/logs/benchmark_stage1_boardjudged.md	output/preview/auv5_pose/reports/benchmark_stage1_boardjudged.md	file	1	4287
output/preview/auv5_pose/logs/benchmark_stage1_boardjudged_vmin0.9.md	output/preview/auv5_pose/reports/benchmark_stage1_boardjudged_vmin0.9.md	file	1	4566
output/preview/auv5_pose/tables/model_vs_labels_current2.md	output/preview/auv5_pose/reports/model_vs_labels_current2.md	file	1	1229
output/preview/auv5_pose/tables/model_vs_labels_gate-w_clear_v0fix.md	output/preview/auv5_pose/reports/model_vs_labels_gate-w_clear_v0fix.md	file	1	1239
output/preview/auv5_pose/tables/model_vs_labels_stage1.md	output/preview/auv5_pose/reports/model_vs_labels_stage1.md	file	1	1233
output/preview/auv5_pose/tables/model_vs_labels_stage1_full.md	output/preview/auv5_pose/reports/model_vs_labels_stage1_full.md	file	1	1238
output/preview/auv5_pose/tables/stage_compare.md	output/preview/auv5_pose/reports/stage_compare.md	file	1	2171
output/preview/auv5_pose/tables/stage_compare_es240.md	output/preview/auv5_pose/reports/stage_compare_es240.md	file	1	2171
output/preview/auv5_pose/tables/stage_compare_stage1_full.md	output/preview/auv5_pose/reports/stage_compare_stage1_full.md	file	1	2206
output/preview/auv5_pose/tables/plan_inventory.md	output/preview/auv5_pose/reports/plan_inventory.md	file	1	3904
output/preview/auv5_pose/tables/benchmark_current2.json	output/preview/auv5_pose/tables/benchmarks/benchmark_current2.json	file	1	434
output/preview/auv5_pose/tables/benchmark_current.json	output/preview/auv5_pose/tables/benchmarks/benchmark_current.json	file	1	434
output/preview/auv5_pose/tables/benchmark_stage1_boardjudged.json	output/preview/auv5_pose/tables/benchmarks/benchmark_stage1_boardjudged.json	file	1	551
output/preview/auv5_pose/tables/benchmark_stage1_boardjudged_vmin0.9.json	output/preview/auv5_pose/tables/benchmarks/benchmark_stage1_boardjudged_vmin0.9.json	file	1	536
output/preview/auv5_pose/tables/benchmark_stage1_dedupfix.json	output/preview/auv5_pose/tables/benchmarks/benchmark_stage1_dedupfix.json	file	1	419
output/preview/auv5_pose/tables/benchmark_stage1_full.json	output/preview/auv5_pose/tables/benchmarks/benchmark_stage1_full.json	file	1	419
output/preview/auv5_pose/tables/benchmark_stage1.json	output/preview/auv5_pose/tables/benchmarks/benchmark_stage1.json	file	1	419
output/preview/auv5_pose/tables/boardview_instances_base.csv	output/preview/auv5_pose/tables/boardview/boardview_instances_base.csv	file	1	38853
output/preview/auv5_pose/tables/boardview_instances_stage1.csv	output/preview/auv5_pose/tables/boardview/boardview_instances_stage1.csv	file	1	47579
output/preview/auv5_pose/tables/boardview_list_base.csv	output/preview/auv5_pose/tables/boardview/boardview_list_base.csv	file	1	23477
output/preview/auv5_pose/tables/boardview_list.csv	output/preview/auv5_pose/tables/boardview/boardview_list.csv	file	1	15914
output/preview/auv5_pose/tables/boardview_list_stage1.csv	output/preview/auv5_pose/tables/boardview/boardview_list_stage1.csv	file	1	27839
output/preview/auv5_pose/tables/model_vs_labels_current2.csv	output/preview/auv5_pose/tables/label_analysis/model_vs_labels_current2.csv	file	1	107356
output/preview/auv5_pose/tables/model_vs_labels_gate-w_clear_v0fix.csv	output/preview/auv5_pose/tables/label_analysis/model_vs_labels_gate-w_clear_v0fix.csv	file	1	107356
output/preview/auv5_pose/tables/model_vs_labels_stage1.csv	output/preview/auv5_pose/tables/label_analysis/model_vs_labels_stage1.csv	file	1	107702
output/preview/auv5_pose/tables/model_vs_labels_stage1_full.csv	output/preview/auv5_pose/tables/label_analysis/model_vs_labels_stage1_full.csv	file	1	107702
output/preview/auv5_pose/tables/label_check_gate-w_clear.csv	output/preview/auv5_pose/tables/label_analysis/label_check_gate-w_clear.csv	file	1	91782
output/preview/auv5_pose/tables/false_accept_stage1.csv	output/preview/auv5_pose/tables/label_analysis/false_accept_stage1.csv	file	1	6858
output/preview/auv5_pose/tables/missed_gates_stage1.csv	output/preview/auv5_pose/tables/label_analysis/missed_gates_stage1.csv	file	1	10938
output/preview/auv5_pose/tables/pool_inventory.csv	output/preview/auv5_pose/tables/pool/pool_inventory.csv	file	1	199137
output/preview/auv5_pose/tables/eval_reserved.csv	output/preview/auv5_pose/tables/pool/eval_reserved.csv	file	1	19182
output/preview/auv5_pose/tables/per_image.csv	output/preview/auv5_pose/tables/pool/per_image.csv	file	1	100146
output/preview/auv5_pose/tables/instances.csv	output/preview/auv5_pose/tables/pool/instances.csv	file	1	372266
output/preview/auv5_pose/tables/negatives_candidates.csv	output/preview/auv5_pose/tables/pool/negatives_candidates.csv	file	1	45666
output/preview/auv5_pose/filelists/filelist.txt	output/preview/auv5_pose/filelists/sets/filelist.txt	file	1	134417
output/preview/auv5_pose/filelists/_bench_filelist.txt	output/preview/auv5_pose/filelists/sets/_bench_filelist.txt	file	1	8569
output/preview/auv5_pose/filelists/_rejudge_filelist.txt	output/preview/auv5_pose/filelists/sets/_rejudge_filelist.txt	file	1	133297
output/preview/auv5_pose/filelists/_boardview_filelist.txt	output/preview/auv5_pose/filelists/sets/_boardview_filelist.txt	file	1	31593
output/preview/auv5_pose/filelists/_neg_filelist.txt	output/preview/auv5_pose/filelists/sets/_neg_filelist.txt	file	1	21119
output/preview/auv5_pose/filelists/_auv4_filelist.txt	output/preview/auv5_pose/filelists/sets/_auv4_filelist.txt	file	1	467999
output/preview/auv5_pose/filelists/_cnt_check.txt	output/preview/auv5_pose/filelists/analysis/_cnt_check.txt	file	1	133297
output/preview/auv5_pose/filelists/_dedup_final.txt	output/preview/auv5_pose/filelists/analysis/_dedup_final.txt	file	1	164469
output/preview/auv5_pose/filelists/_dedup_val.txt	output/preview/auv5_pose/filelists/analysis/_dedup_val.txt	file	1	164469
output/preview/auv5_pose/filelists/_fa_stage1.txt	output/preview/auv5_pose/filelists/analysis/_fa_stage1.txt	file	1	133297
output/preview/auv5_pose/filelists/_fa_vis_stage1.txt	output/preview/auv5_pose/filelists/analysis/_fa_vis_stage1.txt	file	1	133297
output/preview/auv5_pose/filelists/_geo_check.txt	output/preview/auv5_pose/filelists/analysis/_geo_check.txt	file	1	133297
output/preview/auv5_pose/filelists/_labelcheck_gate-w_clear.txt	output/preview/auv5_pose/filelists/analysis/_labelcheck_gate-w_clear.txt	file	1	82497
output/preview/auv5_pose/filelists/_missed_stage1_0.25.txt	output/preview/auv5_pose/filelists/analysis/_missed_stage1_0.25.txt	file	1	164469
output/preview/auv5_pose/filelists/_missed_stage1_0.6.txt	output/preview/auv5_pose/filelists/analysis/_missed_stage1_0.6.txt	file	1	164469
output/preview/auv5_pose/filelists/_miss_geo.txt	output/preview/auv5_pose/filelists/analysis/_miss_geo.txt	file	1	164469
output/preview/auv5_pose/filelists/_mvsl_current2.txt	output/preview/auv5_pose/filelists/analysis/_mvsl_current2.txt	file	1	85959
output/preview/auv5_pose/filelists/_mvsl_gate-w_clear_v0fix.txt	output/preview/auv5_pose/filelists/analysis/_mvsl_gate-w_clear_v0fix.txt	file	1	85959
output/preview/auv5_pose/filelists/_mvsl_stage1.txt	output/preview/auv5_pose/filelists/analysis/_mvsl_stage1.txt	file	1	85959
output/preview/auv5_pose/filelists/_mvsl_stage1_full.txt	output/preview/auv5_pose/filelists/analysis/_mvsl_stage1_full.txt	file	1	85959
output/preview/auv5_pose/filelists/_vmin_sweep.txt	output/preview/auv5_pose/filelists/analysis/_vmin_sweep.txt	file	1	37977
